Index ,Sequence,SMILES
1,Gly-ACPC-Phe-Asp-Ile-βIle-Lys-Lys-ACPC-Ala-Glu-Ser-βPhe-CONH2,[NH3+]CC(=O)N[C@H]1[C@H](C(=O)N[C@H](C(=O)N[C@H](C(=O)N[C@H](C(=O)N[C@H](CC(=O)N[C@H](C(=O)N[C@H](C(=O)N[C@H]2[C@H](C(=O)N[C@H](C(=O)N[C@H](C(=O)N[C@H](C(=O)N[C@H](CC(=O)N)Cc9ccccc9)CO)CCC(=O)[O-])C)CCC2)CCCC[NH3+])CCCC[NH3+])[C@H](CC)C)[C@H](CC)C)CC(=O)[O-])Cc9ccccc9)CCC1
2,Gly-Leu-βPhe-Lys-Ile-βIle-Lys-Lys-βIle-Ala-Lys-βSer-Phe-CONH2,[NH3+]CC(=O)N[C@H](C(=O)N[C@H](CC(=O)N[C@H](C(=O)N[C@H](C(=O)N[C@H](CC(=O)N[C@H](C(=O)N[C@H](C(=O)N[C@H](CC(=O)N[C@H](C(=O)N[C@H](C(=O)N[C@H](CC(=O)N[C@H](C(=O)N)Cc9ccccc9)CO)CCCC[NH3+])C)[C@H](CC)C)CCCC[NH3+])CCCC[NH3+])[C@H](CC)C)[C@H](CC)C)CCCC[NH3+])Cc9ccccc9)CC(C)C
3,Gly-Leu-βPhe-Lys-Ile-βIle-Lys-Lys-βIle-Leu-Lys-βSer-Phe-CONH2,[NH3+]CC(=O)N[C@H](C(=O)N[C@H](CC(=O)N[C@H](C(=O)N[C@H](C(=O)N[C@H](CC(=O)N[C@H](C(=O)N[C@H](C(=O)N[C@H](CC(=O)N[C@H](C(=O)N[C@H](C(=O)N[C@H](CC(=O)N[C@H](C(=O)N)Cc9ccccc9)CO)CCCC[NH3+])CC(C)C)[C@H](CC)C)CCCC[NH3+])CCCC[NH3+])[C@H](CC)C)[C@H](CC)C)CCCC[NH3+])Cc9ccccc9)CC(C)C
4,Gly-Leu-βPhe-Lys-Ile-βIle-Lys-Lys-βIle-Leu-Lys-βLeu-Phe-CONH2,[NH3+]CC(=O)N[C@H](C(=O)N[C@H](CC(=O)N[C@H](C(=O)N[C@H](C(=O)N[C@H](CC(=O)N[C@H](C(=O)N[C@H](C(=O)N[C@H](CC(=O)N[C@H](C(=O)N[C@H](C(=O)N[C@H](CC(=O)N[C@H](C(=O)N)Cc9ccccc9)CC(C)C)CCCC[NH3+])CC(C)C)[C@H](CC)C)CCCC[NH3+])CCCC[NH3+])[C@H](CC)C)[C@H](CC)C)CCCC[NH3+])Cc9ccccc9)CC(C)C
5,Gly-Leu-ACPC-Lys-Ile-βIle-Lys-Lys-ACPC-Ala-Lys-βSer-Phe-CONH2,[NH3+]CC(=O)N[C@H](C(=O)N[C@H]1[C@H](C(=O)N[C@H](C(=O)N[C@H](C(=O)N[C@H](CC(=O)N[C@H](C(=O)N[C@H](C(=O)N[C@H]2[C@H](C(=O)N[C@H](C(=O)N[C@H](C(=O)N[C@H](CC(=O)N[C@H](C(=O)N)Cc9ccccc9)CO)CCCC[NH3+])C)CCC2)CCCC[NH3+])CCCC[NH3+])[C@H](CC)C)[C@H](CC)C)CCCC[NH3+])CCC1)CC(C)C
6,Gly-Leu-ACPC-Lys-Ile-βIle-Lys-Lys-ACPC-Leu-Lys-βSer-Phe-CONH2,[NH3+]CC(=O)N[C@H](C(=O)N[C@H]1[C@H](C(=O)N[C@H](C(=O)N[C@H](C(=O)N[C@H](CC(=O)N[C@H](C(=O)N[C@H](C(=O)N[C@H]2[C@H](C(=O)N[C@H](C(=O)N[C@H](C(=O)N[C@H](CC(=O)N[C@H](C(=O)N)Cc9ccccc9)CO)CCCC[NH3+])CC(C)C)CCC2)CCCC[NH3+])CCCC[NH3+])[C@H](CC)C)[C@H](CC)C)CCCC[NH3+])CCC1)CC(C)C
7,Gly-Leu-ACPC-Lys-Ile-βIle-Lys-Lys-ACPC-Leu-Lys-βLeu-Phe-CONH2,[NH3+]CC(=O)N[C@H](C(=O)N[C@H]1[C@H](C(=O)N[C@H](C(=O)N[C@H](C(=O)N[C@H](CC(=O)N[C@H](C(=O)N[C@H](C(=O)N[C@H]2[C@H](C(=O)N[C@H](C(=O)N[C@H](C(=O)N[C@H](CC(=O)N[C@H](C(=O)N)Cc9ccccc9)CC(C)C)CCCC[NH3+])CC(C)C)CCC2)CCCC[NH3+])CCCC[NH3+])[C@H](CC)C)[C@H](CC)C)CCCC[NH3+])CCC1)CC(C)C
8,Gly-βLeu-Phe-Lys-Ile-βIle-Lys-Lys-Ile-βAla-Lys-Ser-Phe-CONH2,[NH3+]CC(=O)N[C@H](CC(=O)N[C@H](C(=O)N[C@H](C(=O)N[C@H](C(=O)N[C@H](CC(=O)N[C@H](C(=O)N[C@H](C(=O)N[C@H](C(=O)N[C@H](CC(=O)N[C@H](C(=O)N[C@H](C(=O)N[C@H](C(=O)N)Cc9ccccc9)CO)CCCC[NH3+])C)[C@H](CC)C)CCCC[NH3+])CCCC[NH3+])[C@H](CC)C)[C@H](CC)C)CCCC[NH3+])Cc9ccccc9)CC(C)C
9,Gly-βLeu-Phe-Lys-Ile-βIle-Lys-Lys-Ile-βLeu-Lys-Ser-Phe-CONH2,[NH3+]CC(=O)N[C@H](CC(=O)N[C@H](C(=O)N[C@H](C(=O)N[C@H](C(=O)N[C@H](CC(=O)N[C@H](C(=O)N[C@H](C(=O)N[C@H](C(=O)N[C@H](CC(=O)N[C@H](C(=O)N[C@H](C(=O)N[C@H](C(=O)N)Cc9ccccc9)CO)CCCC[NH3+])CC(C)C)[C@H](CC)C)CCCC[NH3+])CCCC[NH3+])[C@H](CC)C)[C@H](CC)C)CCCC[NH3+])Cc9ccccc9)CC(C)C
10,Gly-βLeu-Phe-Lys-Ile-βIle-Lys-Lys-Ile-βLeu-Lys-Leu-Phe-CONH2,[NH3+]CC(=O)N[C@H](CC(=O)N[C@H](C(=O)N[C@H](C(=O)N[C@H](C(=O)N[C@H](CC(=O)N[C@H](C(=O)N[C@H](C(=O)N[C@H](C(=O)N[C@H](CC(=O)N[C@H](C(=O)N[C@H](C(=O)N[C@H](C(=O)N)Cc9ccccc9)CC(C)C)CCCC[NH3+])CC(C)C)[C@H](CC)C)CCCC[NH3+])CCCC[NH3+])[C@H](CC)C)[C@H](CC)C)CCCC[NH3+])Cc9ccccc9)CC(C)C
11,Gly-ACPC-Phe-Lys-Ile-βIle-Lys-Lys-Ile-ACPC-Lys-Ser-Phe-CONH2,[NH3+]CC(=O)N[C@H]1[C@H](C(=O)N[C@H](C(=O)N[C@H](C(=O)N[C@H](C(=O)N[C@H](CC(=O)N[C@H](C(=O)N[C@H](C(=O)N[C@H](C(=O)N[C@H]2[C@H](C(=O)N[C@H](C(=O)N[C@H](C(=O)N[C@H](C(=O)N)Cc9ccccc9)CO)CCCC[NH3+])CCC2)[C@H](CC)C)CCCC[NH3+])CCCC[NH3+])[C@H](CC)C)[C@H](CC)C)CCCC[NH3+])Cc9ccccc9)CCC1
12,Gly-ACPC-Phe-Lys-Ile-βIle-Lys-Lys-Ile-ACPC-Lys-Leu-Phe-CONH2,[NH3+]CC(=O)N[C@H]1[C@H](C(=O)N[C@H](C(=O)N[C@H](C(=O)N[C@H](C(=O)N[C@H](CC(=O)N[C@H](C(=O)N[C@H](C(=O)N[C@H](C(=O)N[C@H]2[C@H](C(=O)N[C@H](C(=O)N[C@H](C(=O)N[C@H](C(=O)N)Cc9ccccc9)CC(C)C)CCCC[NH3+])CCC2)[C@H](CC)C)CCCC[NH3+])CCCC[NH3+])[C@H](CC)C)[C@H](CC)C)CCCC[NH3+])Cc9ccccc9)CCC1
13,Gly-βLeu-Phe-βLys-Ile-Ile-βLys-Lys-βIle-Ala-βLys-Ser-Phe-CONH2,[NH3+]CC(=O)N[C@H](CC(=O)N[C@H](C(=O)N[C@H](CC(=O)N[C@H](C(=O)N[C@H](C(=O)N[C@H](CC(=O)N[C@H](C(=O)N[C@H](CC(=O)N[C@H](C(=O)N[C@H](CC(=O)N[C@H](C(=O)N[C@H](C(=O)N)Cc9ccccc9)CO)CCCC[NH3+])C)[C@H](CC)C)CCCC[NH3+])CCCC[NH3+])[C@H](CC)C)[C@H](CC)C)CCCC[NH3+])Cc9ccccc9)CC(C)C
14,Gly-βLeu-Phe-βLys-Ile-Ile-βLys-Lys-βIle-Leu-βLys-Ser-Phe-CONH2,[NH3+]CC(=O)N[C@H](CC(=O)N[C@H](C(=O)N[C@H](CC(=O)N[C@H](C(=O)N[C@H](C(=O)N[C@H](CC(=O)N[C@H](C(=O)N[C@H](CC(=O)N[C@H](C(=O)N[C@H](CC(=O)N[C@H](C(=O)N[C@H](C(=O)N)Cc9ccccc9)CO)CCCC[NH3+])CC(C)C)[C@H](CC)C)CCCC[NH3+])CCCC[NH3+])[C@H](CC)C)[C@H](CC)C)CCCC[NH3+])Cc9ccccc9)CC(C)C
15,Gly-βLeu-Phe-βLys-Ile-Ile-βLys-Lys-βIle-Leu-βLys-Leu-Phe-CONH2,[NH3+]CC(=O)N[C@H](CC(=O)N[C@H](C(=O)N[C@H](CC(=O)N[C@H](C(=O)N[C@H](C(=O)N[C@H](CC(=O)N[C@H](C(=O)N[C@H](CC(=O)N[C@H](C(=O)N[C@H](CC(=O)N[C@H](C(=O)N[C@H](C(=O)N)Cc9ccccc9)CC(C)C)CCCC[NH3+])CC(C)C)[C@H](CC)C)CCCC[NH3+])CCCC[NH3+])[C@H](CC)C)[C@H](CC)C)CCCC[NH3+])Cc9ccccc9)CC(C)C
16,Gly-ACPC-Phe-βLys-Ile-Ile-βLys-Lys-ACPC-Ala-βLys-Ser-Phe-CONH2,[NH3+]CC(=O)N[C@H]1[C@H](C(=O)N[C@H](C(=O)N[C@H](CC(=O)N[C@H](C(=O)N[C@H](C(=O)N[C@H](CC(=O)N[C@H](C(=O)N[C@H]2[C@H](C(=O)N[C@H](C(=O)N[C@H](CC(=O)N[C@H](C(=O)N[C@H](C(=O)N)Cc9ccccc9)CO)CCCC[NH3+])C)CCC2)CCCC[NH3+])CCCC[NH3+])[C@H](CC)C)[C@H](CC)C)CCCC[NH3+])Cc9ccccc9)CCC1
17,Gly-ACPC-Phe-βLys-Ile-Ile-βLys-Lys-ACPC-Leu-βLys-Ser-Phe-CONH2,[NH3+]CC(=O)N[C@H]1[C@H](C(=O)N[C@H](C(=O)N[C@H](CC(=O)N[C@H](C(=O)N[C@H](C(=O)N[C@H](CC(=O)N[C@H](C(=O)N[C@H]2[C@H](C(=O)N[C@H](C(=O)N[C@H](CC(=O)N[C@H](C(=O)N[C@H](C(=O)N)Cc9ccccc9)CO)CCCC[NH3+])CC(C)C)CCC2)CCCC[NH3+])CCCC[NH3+])[C@H](CC)C)[C@H](CC)C)CCCC[NH3+])Cc9ccccc9)CCC1
18,Gly-ACPC-Phe-βLys-Ile-Ile-βLys-Lys-ACPC-Leu-βLys-Leu-Phe-CONH2,[NH3+]CC(=O)N[C@H]1[C@H](C(=O)N[C@H](C(=O)N[C@H](CC(=O)N[C@H](C(=O)N[C@H](C(=O)N[C@H](CC(=O)N[C@H](C(=O)N[C@H]2[C@H](C(=O)N[C@H](C(=O)N[C@H](CC(=O)N[C@H](C(=O)N[C@H](C(=O)N)Cc9ccccc9)CC(C)C)CCCC[NH3+])CC(C)C)CCC2)CCCC[NH3+])CCCC[NH3+])[C@H](CC)C)[C@H](CC)C)CCCC[NH3+])Cc9ccccc9)CCC1
19,Gly-βLeu-Phe-Lys-Ile-βIle-Lys-Lys-βIle-Ala-Lys-Ser-βPhe-CONH2,[NH3+]CC(=O)N[C@H](CC(=O)N[C@H](C(=O)N[C@H](C(=O)N[C@H](C(=O)N[C@H](CC(=O)N[C@H](C(=O)N[C@H](C(=O)N[C@H](CC(=O)N[C@H](C(=O)N[C@H](C(=O)N[C@H](C(=O)N[C@H](CC(=O)N)Cc9ccccc9)CO)CCCC[NH3+])C)[C@H](CC)C)CCCC[NH3+])CCCC[NH3+])[C@H](CC)C)[C@H](CC)C)CCCC[NH3+])Cc9ccccc9)CC(C)C
20,Gly-βLeu-Phe-Lys-Ile-βIle-Lys-Lys-βIle-Leu-Lys-Ser-βPhe-CONH2,[NH3+]CC(=O)N[C@H](CC(=O)N[C@H](C(=O)N[C@H](C(=O)N[C@H](C(=O)N[C@H](CC(=O)N[C@H](C(=O)N[C@H](C(=O)N[C@H](CC(=O)N[C@H](C(=O)N[C@H](C(=O)N[C@H](C(=O)N[C@H](CC(=O)N)Cc9ccccc9)CO)CCCC[NH3+])CC(C)C)[C@H](CC)C)CCCC[NH3+])CCCC[NH3+])[C@H](CC)C)[C@H](CC)C)CCCC[NH3+])Cc9ccccc9)CC(C)C
21,Gly-βLeu-Phe-Lys-Ile-βIle-Lys-Lys-βIle-Leu-Lys-Leu-βPhe-CONH2,[NH3+]CC(=O)N[C@H](CC(=O)N[C@H](C(=O)N[C@H](C(=O)N[C@H](C(=O)N[C@H](CC(=O)N[C@H](C(=O)N[C@H](C(=O)N[C@H](CC(=O)N[C@H](C(=O)N[C@H](C(=O)N[C@H](C(=O)N[C@H](CC(=O)N)Cc9ccccc9)CC(C)C)CCCC[NH3+])CC(C)C)[C@H](CC)C)CCCC[NH3+])CCCC[NH3+])[C@H](CC)C)[C@H](CC)C)CCCC[NH3+])Cc9ccccc9)CC(C)C
22,Gly-ACPC-Phe-Lys-Ile-βIle-Lys-Lys-ACPC-Ala-Lys-Ser-βPhe-CONH2,[NH3+]CC(=O)N[C@H]1[C@H](C(=O)N[C@H](C(=O)N[C@H](C(=O)N[C@H](C(=O)N[C@H](CC(=O)N[C@H](C(=O)N[C@H](C(=O)N[C@H]2[C@H](C(=O)N[C@H](C(=O)N[C@H](C(=O)N[C@H](C(=O)N[C@H](CC(=O)N)Cc9ccccc9)CO)CCCC[NH3+])C)CCC2)CCCC[NH3+])CCCC[NH3+])[C@H](CC)C)[C@H](CC)C)CCCC[NH3+])Cc9ccccc9)CCC1
23,Gly-ACPC-Phe-Lys-Ile-βIle-Lys-Lys-ACPC-Leu-Lys-Ser-βPhe-CONH2,[NH3+]CC(=O)N[C@H]1[C@H](C(=O)N[C@H](C(=O)N[C@H](C(=O)N[C@H](C(=O)N[C@H](CC(=O)N[C@H](C(=O)N[C@H](C(=O)N[C@H]2[C@H](C(=O)N[C@H](C(=O)N[C@H](C(=O)N[C@H](C(=O)N[C@H](CC(=O)N)Cc9ccccc9)CO)CCCC[NH3+])CC(C)C)CCC2)CCCC[NH3+])CCCC[NH3+])[C@H](CC)C)[C@H](CC)C)CCCC[NH3+])Cc9ccccc9)CCC1
24,Gly-ACPC-Phe-Lys-Ile-βIle-Lys-Lys-ACPC-Leu-Lys-Leu-βPhe-CONH2,[NH3+]CC(=O)N[C@H]1[C@H](C(=O)N[C@H](C(=O)N[C@H](C(=O)N[C@H](C(=O)N[C@H](CC(=O)N[C@H](C(=O)N[C@H](C(=O)N[C@H]2[C@H](C(=O)N[C@H](C(=O)N[C@H](C(=O)N[C@H](C(=O)N[C@H](CC(=O)N)Cc9ccccc9)CC(C)C)CCCC[NH3+])CC(C)C)CCC2)CCCC[NH3+])CCCC[NH3+])[C@H](CC)C)[C@H](CC)C)CCCC[NH3+])Cc9ccccc9)CCC1
25,Gly-ACPC-Phe-Lys-Ile-βIle-Lys-Lys-ACPC-Ala-Glu-Ser-βPhe-CONH2,[NH3+]CC(=O)N[C@H]1[C@H](C(=O)N[C@H](C(=O)N[C@H](C(=O)N[C@H](C(=O)N[C@H](CC(=O)N[C@H](C(=O)N[C@H](C(=O)N[C@H]2[C@H](C(=O)N[C@H](C(=O)N[C@H](C(=O)N[C@H](C(=O)N[C@H](CC(=O)N)Cc9ccccc9)CO)CCC(=O)[O-])C)CCC2)CCCC[NH3+])CCCC[NH3+])[C@H](CC)C)[C@H](CC)C)CCCC[NH3+])Cc9ccccc9)CCC1
26,Gly-ACPC-Phe-Asp-Ile-βIle-Lys-Lys-ACPC-Ala-Lys-Ser-βPhe-CONH2,[NH3+]CC(=O)N[C@H]1[C@H](C(=O)N[C@H](C(=O)N[C@H](C(=O)N[C@H](C(=O)N[C@H](CC(=O)N[C@H](C(=O)N[C@H](C(=O)N[C@H]2[C@H](C(=O)N[C@H](C(=O)N[C@H](C(=O)N[C@H](C(=O)N[C@H](CC(=O)N)Cc9ccccc9)CO)CCCC[NH3+])C)CCC2)CCCC[NH3+])CCCC[NH3+])[C@H](CC)C)[C@H](CC)C)CC(=O)[O-])Cc9ccccc9)CCC1
27,Gly-ACPC-Phe-Lys-Ile-βIle-Lys-Lys-βIle-Ala-Lys-Ser-βPhe-CONH2,[NH3+]CC(=O)N[C@H]1[C@H](C(=O)N[C@H](C(=O)N[C@H](C(=O)N[C@H](C(=O)N[C@H](CC(=O)N[C@H](C(=O)N[C@H](C(=O)N[C@H](CC(=O)N[C@H](C(=O)N[C@H](C(=O)N[C@H](C(=O)N[C@H](CC(=O)N)Cc9ccccc9)CO)CCCC[NH3+])C)[C@H](CC)C)CCCC[NH3+])CCCC[NH3+])[C@H](CC)C)[C@H](CC)C)CCCC[NH3+])Cc9ccccc9)CCC1
28,Gly-βLeu-Phe-Lys-Ile-βIle-Lys-Lys-ACPC-Ala-Lys-Ser-βPhe-CONH2,[NH3+]CC(=O)N[C@H](CC(=O)N[C@H](C(=O)N[C@H](C(=O)N[C@H](C(=O)N[C@H](CC(=O)N[C@H](C(=O)N[C@H](C(=O)N[C@H]1[C@H](C(=O)N[C@H](C(=O)N[C@H](C(=O)N[C@H](C(=O)N[C@H](CC(=O)N)Cc9ccccc9)CO)CCCC[NH3+])C)CCC1)CCCC[NH3+])CCCC[NH3+])[C@H](CC)C)[C@H](CC)C)CCCC[NH3+])Cc9ccccc9)CC(C)C
29,Gly-ACPC-Phe-βLys-Ile-Ile-βLys-Lys-βIle-Leu-βLys-Leu-Phe-CONH2,[NH3+]CC(=O)N[C@H]1[C@H](C(=O)N[C@H](C(=O)N[C@H](CC(=O)N[C@H](C(=O)N[C@H](C(=O)N[C@H](CC(=O)N[C@H](C(=O)N[C@H](CC(=O)N[C@H](C(=O)N[C@H](CC(=O)N[C@H](C(=O)N[C@H](C(=O)N)Cc9ccccc9)CC(C)C)CCCC[NH3+])CC(C)C)[C@H](CC)C)CCCC[NH3+])CCCC[NH3+])[C@H](CC)C)[C@H](CC)C)CCCC[NH3+])Cc9ccccc9)CCC1
30,Gly-βLeu-Phe-βLys-Ile-Ile-βLys-Lys-ACPC-Leu-βLys-Leu-Phe-CONH2,[NH3+]CC(=O)N[C@H](CC(=O)N[C@H](C(=O)N[C@H](CC(=O)N[C@H](C(=O)N[C@H](C(=O)N[C@H](CC(=O)N[C@H](C(=O)N[C@H]1[C@H](C(=O)N[C@H](C(=O)N[C@H](CC(=O)N[C@H](C(=O)N[C@H](C(=O)N)Cc9ccccc9)CC(C)C)CCCC[NH3+])CC(C)C)CCC1)CCCC[NH3+])CCCC[NH3+])[C@H](CC)C)[C@H](CC)C)CCCC[NH3+])Cc9ccccc9)CC(C)C
31,Gly-ACPC-Phe-Lys-Ile-βIle-Lys-Lys-Ile-ACPC-Lys-Abu-Phe-CONH2,[NH3+]CC(=O)N[C@H]1[C@H](C(=O)N[C@H](C(=O)N[C@H](C(=O)N[C@H](C(=O)N[C@H](CC(=O)N[C@H](C(=O)N[C@H](C(=O)N[C@H](C(=O)N[C@H]2[C@H](C(=O)N[C@H](C(=O)N[C@H](C(=O)N[C@H](C(=O)N)Cc9ccccc9)CC)CCCC[NH3+])CCC2)[C@H](CC)C)CCCC[NH3+])CCCC[NH3+])[C@H](CC)C)[C@H](CC)C)CCCC[NH3+])Cc9ccccc9)CCC1
32,Gly-ACPC-Phe-Lys-Ile-βIle-Lys-Lys-Ile-ACPC-Lys-Ala-Phe-CONH2,[NH3+]CC(=O)N[C@H]1[C@H](C(=O)N[C@H](C(=O)N[C@H](C(=O)N[C@H](C(=O)N[C@H](CC(=O)N[C@H](C(=O)N[C@H](C(=O)N[C@H](C(=O)N[C@H]2[C@H](C(=O)N[C@H](C(=O)N[C@H](C(=O)N[C@H](C(=O)N)Cc9ccccc9)C)CCCC[NH3+])CCC2)[C@H](CC)C)CCCC[NH3+])CCCC[NH3+])[C@H](CC)C)[C@H](CC)C)CCCC[NH3+])Cc9ccccc9)CCC1
33,Gly-ACPC-Phe-Lys-Ile-βIle-Lys-Lys-Ile-ACPC-Lys-Thr-Phe-CONH2,[NH3+]CC(=O)N[C@H]1[C@H](C(=O)N[C@H](C(=O)N[C@H](C(=O)N[C@H](C(=O)N[C@H](CC(=O)N[C@H](C(=O)N[C@H](C(=O)N[C@H](C(=O)N[C@H]2[C@H](C(=O)N[C@H](C(=O)N[C@H](C(=O)N[C@H](C(=O)N)Cc9ccccc9)[C@H](C)O)CCCC[NH3+])CCC2)[C@H](CC)C)CCCC[NH3+])CCCC[NH3+])[C@H](CC)C)[C@H](CC)C)CCCC[NH3+])Cc9ccccc9)CCC1
34,Lys-ACPC-Phe-Lys-Ile-βIle-Lys-Lys-Ile-ACPC-Lys-Thr-Phe-CONH2,[NH3+][C@H](C(=O)N[C@H]1[C@H](C(=O)N[C@H](C(=O)N[C@H](C(=O)N[C@H](C(=O)N[C@H](CC(=O)N[C@H](C(=O)N[C@H](C(=O)N[C@H](C(=O)N[C@H]2[C@H](C(=O)N[C@H](C(=O)N[C@H](C(=O)N[C@H](C(=O)N)Cc9ccccc9)[C@H](C)O)CCCC[NH3+])CCC2)[C@H](CC)C)CCCC[NH3+])CCCC[NH3+])[C@H](CC)C)[C@H](CC)C)CCCC[NH3+])Cc9ccccc9)CCC1)CCCC[NH3+]
35,Lys-ACPC-Phe-Lys-Ile-βAla-Lys-Lys-Ile-ACPC-Lys-Ile-Phe-CONH2,[NH3+][C@H](C(=O)N[C@H]1[C@H](C(=O)N[C@H](C(=O)N[C@H](C(=O)N[C@H](C(=O)N[C@H](CC(=O)N[C@H](C(=O)N[C@H](C(=O)N[C@H](C(=O)N[C@H]2[C@H](C(=O)N[C@H](C(=O)N[C@H](C(=O)N[C@H](C(=O)N)Cc9ccccc9)[C@H](CC)C)CCCC[NH3+])CCC2)[C@H](CC)C)CCCC[NH3+])CCCC[NH3+])C)[C@H](CC)C)CCCC[NH3+])Cc9ccccc9)CCC1)CCCC[NH3+]
36,Ser-ACPC-Phe-Lys-Ile-βIle-Lys-Lys-Ile-ACPC-Lys-Leu-Phe-CONH2,[NH3+][C@H](C(=O)N[C@H]1[C@H](C(=O)N[C@H](C(=O)N[C@H](C(=O)N[C@H](C(=O)N[C@H](CC(=O)N[C@H](C(=O)N[C@H](C(=O)N[C@H](C(=O)N[C@H]2[C@H](C(=O)N[C@H](C(=O)N[C@H](C(=O)N[C@H](C(=O)N)Cc9ccccc9)CC(C)C)CCCC[NH3+])CCC2)[C@H](CC)C)CCCC[NH3+])CCCC[NH3+])[C@H](CC)C)[C@H](CC)C)CCCC[NH3+])Cc9ccccc9)CCC1)CO
37,Thr-ACPC-Phe-Lys-Ile-βIle-Lys-Lys-Ile-ACPC-Lys-Leu-Phe-CONH2,[NH3+][C@H](C(=O)N[C@H]1[C@H](C(=O)N[C@H](C(=O)N[C@H](C(=O)N[C@H](C(=O)N[C@H](CC(=O)N[C@H](C(=O)N[C@H](C(=O)N[C@H](C(=O)N[C@H]2[C@H](C(=O)N[C@H](C(=O)N[C@H](C(=O)N[C@H](C(=O)N)Cc9ccccc9)CC(C)C)CCCC[NH3+])CCC2)[C@H](CC)C)CCCC[NH3+])CCCC[NH3+])[C@H](CC)C)[C@H](CC)C)CCCC[NH3+])Cc9ccccc9)CCC1)[C@H](C)O
38,Ser-ACPC-Phe-Lys-Ile-βIle-Lys-Lys-Ile-ACPC-Lys-Ser-Phe-CONH2,[NH3+][C@H](C(=O)N[C@H]1[C@H](C(=O)N[C@H](C(=O)N[C@H](C(=O)N[C@H](C(=O)N[C@H](CC(=O)N[C@H](C(=O)N[C@H](C(=O)N[C@H](C(=O)N[C@H]2[C@H](C(=O)N[C@H](C(=O)N[C@H](C(=O)N[C@H](C(=O)N)Cc9ccccc9)CO)CCCC[NH3+])CCC2)[C@H](CC)C)CCCC[NH3+])CCCC[NH3+])[C@H](CC)C)[C@H](CC)C)CCCC[NH3+])Cc9ccccc9)CCC1)CO
39,Ser-ACPC-Phe-Lys-Leu-βIle-Lys-Lys-Ile-ACPC-Lys-Ser-Phe-CONH2,[NH3+][C@H](C(=O)N[C@H]1[C@H](C(=O)N[C@H](C(=O)N[C@H](C(=O)N[C@H](C(=O)N[C@H](CC(=O)N[C@H](C(=O)N[C@H](C(=O)N[C@H](C(=O)N[C@H]2[C@H](C(=O)N[C@H](C(=O)N[C@H](C(=O)N[C@H](C(=O)N)Cc9ccccc9)CO)CCCC[NH3+])CCC2)[C@H](CC)C)CCCC[NH3+])CCCC[NH3+])[C@H](CC)C)CC(C)C)CCCC[NH3+])Cc9ccccc9)CCC1)CO
40,Gly-βLeu-Phe-Lys-Ile-βIle-Lys-Lys-Ile-βAla-Lys-Leu-Phe-CONH2,[NH3+]CC(=O)N[C@H](CC(=O)N[C@H](C(=O)N[C@H](C(=O)N[C@H](C(=O)N[C@H](CC(=O)N[C@H](C(=O)N[C@H](C(=O)N[C@H](C(=O)N[C@H](CC(=O)N[C@H](C(=O)N[C@H](C(=O)N[C@H](C(=O)N)Cc9ccccc9)CC(C)C)CCCC[NH3+])C)[C@H](CC)C)CCCC[NH3+])CCCC[NH3+])[C@H](CC)C)[C@H](CC)C)CCCC[NH3+])Cc9ccccc9)CC(C)C
41,Gly-Leu-ACPC-Lys-Ile-βIle-Lys-Lys-ACPC-Val-Lys-βSer-Phe-CONH2,[NH3+]CC(=O)N[C@H](C(=O)N[C@H]1[C@H](C(=O)N[C@H](C(=O)N[C@H](C(=O)N[C@H](CC(=O)N[C@H](C(=O)N[C@H](C(=O)N[C@H]2[C@H](C(=O)N[C@H](C(=O)N[C@H](C(=O)N[C@H](CC(=O)N[C@H](C(=O)N)Cc9ccccc9)CO)CCCC[NH3+])C(C)C)CCC2)CCCC[NH3+])CCCC[NH3+])[C@H](CC)C)[C@H](CC)C)CCCC[NH3+])CCC1)CC(C)C
42,Gly-Leu-ACPC-Lys-Ile-βIle-Lys-Lys-ACPC-Val-Lys-βThr-Phe-CONH2,[NH3+]CC(=O)N[C@H](C(=O)N[C@H]1[C@H](C(=O)N[C@H](C(=O)N[C@H](C(=O)N[C@H](CC(=O)N[C@H](C(=O)N[C@H](C(=O)N[C@H]2[C@H](C(=O)N[C@H](C(=O)N[C@H](C(=O)N[C@H](CC(=O)N[C@H](C(=O)N)Cc9ccccc9)[C@H](C)O)CCCC[NH3+])C(C)C)CCC2)CCCC[NH3+])CCCC[NH3+])[C@H](CC)C)[C@H](CC)C)CCCC[NH3+])CCC1)CC(C)C
43,Gly-Leu-ACPC-Lys-Ile-βIle-Lys-Lys-ACPC-Val-Lys-βAla-Phe-CONH2,[NH3+]CC(=O)N[C@H](C(=O)N[C@H]1[C@H](C(=O)N[C@H](C(=O)N[C@H](C(=O)N[C@H](CC(=O)N[C@H](C(=O)N[C@H](C(=O)N[C@H]2[C@H](C(=O)N[C@H](C(=O)N[C@H](C(=O)N[C@H](CC(=O)N[C@H](C(=O)N)Cc9ccccc9)C)CCCC[NH3+])C(C)C)CCC2)CCCC[NH3+])CCCC[NH3+])[C@H](CC)C)[C@H](CC)C)CCCC[NH3+])CCC1)CC(C)C
44,Gly-Leu-ACPC-Lys-Ile-βIle-Lys-Lys-ACPC-Ile-Lys-βSer-Phe-CONH2,[NH3+]CC(=O)N[C@H](C(=O)N[C@H]1[C@H](C(=O)N[C@H](C(=O)N[C@H](C(=O)N[C@H](CC(=O)N[C@H](C(=O)N[C@H](C(=O)N[C@H]2[C@H](C(=O)N[C@H](C(=O)N[C@H](C(=O)N[C@H](CC(=O)N[C@H](C(=O)N)Cc9ccccc9)CO)CCCC[NH3+])[C@H](CC)C)CCC2)CCCC[NH3+])CCCC[NH3+])[C@H](CC)C)[C@H](CC)C)CCCC[NH3+])CCC1)CC(C)C
45,Gly-Leu-ACPC-Lys-Ile-βIle-Lys-Lys-ACPC-Ile-Lys-βThr-Phe-CONH2,[NH3+]CC(=O)N[C@H](C(=O)N[C@H]1[C@H](C(=O)N[C@H](C(=O)N[C@H](C(=O)N[C@H](CC(=O)N[C@H](C(=O)N[C@H](C(=O)N[C@H]2[C@H](C(=O)N[C@H](C(=O)N[C@H](C(=O)N[C@H](CC(=O)N[C@H](C(=O)N)Cc9ccccc9)[C@H](C)O)CCCC[NH3+])[C@H](CC)C)CCC2)CCCC[NH3+])CCCC[NH3+])[C@H](CC)C)[C@H](CC)C)CCCC[NH3+])CCC1)CC(C)C
46,Gly-Leu-ACPC-Lys-Ile-βIle-Lys-Lys-ACPC-Leu-Lys-βThr-Phe-CONH2,[NH3+]CC(=O)N[C@H](C(=O)N[C@H]1[C@H](C(=O)N[C@H](C(=O)N[C@H](C(=O)N[C@H](CC(=O)N[C@H](C(=O)N[C@H](C(=O)N[C@H]2[C@H](C(=O)N[C@H](C(=O)N[C@H](C(=O)N[C@H](CC(=O)N[C@H](C(=O)N)Cc9ccccc9)[C@H](C)O)CCCC[NH3+])CC(C)C)CCC2)CCCC[NH3+])CCCC[NH3+])[C@H](CC)C)[C@H](CC)C)CCCC[NH3+])CCC1)CC(C)C
47,Gly-Leu-ACPC-Lys-Ile-βIle-Lys-Lys-ACPC-Ala-Lys-βThr-Phe-CONH2,[NH3+]CC(=O)N[C@H](C(=O)N[C@H]1[C@H](C(=O)N[C@H](C(=O)N[C@H](C(=O)N[C@H](CC(=O)N[C@H](C(=O)N[C@H](C(=O)N[C@H]2[C@H](C(=O)N[C@H](C(=O)N[C@H](C(=O)N[C@H](CC(=O)N[C@H](C(=O)N)Cc9ccccc9)[C@H](C)O)CCCC[NH3+])C)CCC2)CCCC[NH3+])CCCC[NH3+])[C@H](CC)C)[C@H](CC)C)CCCC[NH3+])CCC1)CC(C)C
48,Gly-Leu-ACPC-Lys-Ile-βIle-Lys-Lys-ACPC-Ala-Lys-βAla-Phe-CONH2,[NH3+]CC(=O)N[C@H](C(=O)N[C@H]1[C@H](C(=O)N[C@H](C(=O)N[C@H](C(=O)N[C@H](CC(=O)N[C@H](C(=O)N[C@H](C(=O)N[C@H]2[C@H](C(=O)N[C@H](C(=O)N[C@H](C(=O)N[C@H](CC(=O)N[C@H](C(=O)N)Cc9ccccc9)C)CCCC[NH3+])C)CCC2)CCCC[NH3+])CCCC[NH3+])[C@H](CC)C)[C@H](CC)C)CCCC[NH3+])CCC1)CC(C)C
49,Gly-Leu-ACPC-Lys-Leu-βIle-Lys-Lys-ACPC-Val-Lys-βSer-Phe-CONH2,[NH3+]CC(=O)N[C@H](C(=O)N[C@H]1[C@H](C(=O)N[C@H](C(=O)N[C@H](C(=O)N[C@H](CC(=O)N[C@H](C(=O)N[C@H](C(=O)N[C@H]2[C@H](C(=O)N[C@H](C(=O)N[C@H](C(=O)N[C@H](CC(=O)N[C@H](C(=O)N)Cc9ccccc9)CO)CCCC[NH3+])C(C)C)CCC2)CCCC[NH3+])CCCC[NH3+])[C@H](CC)C)CC(C)C)CCCC[NH3+])CCC1)CC(C)C
50,Thr-Leu-ACPC-Lys-Leu-βIle-Lys-Lys-ACPC-Leu-Lys-βSer-Phe-CONH2,[NH3+][C@H](C(=O)N[C@H](C(=O)N[C@H]1[C@H](C(=O)N[C@H](C(=O)N[C@H](C(=O)N[C@H](CC(=O)N[C@H](C(=O)N[C@H](C(=O)N[C@H]2[C@H](C(=O)N[C@H](C(=O)N[C@H](C(=O)N[C@H](CC(=O)N[C@H](C(=O)N)Cc9ccccc9)CO)CCCC[NH3+])CC(C)C)CCC2)CCCC[NH3+])CCCC[NH3+])[C@H](CC)C)CC(C)C)CCCC[NH3+])CCC1)CC(C)C)[C@H](C)O
51,Gly-Leu-ACPC-Lys-Leu-βAla-Lys-Lys-ACPC-Leu-Lys-βSer-Phe-CONH2,[NH3+]CC(=O)N[C@H](C(=O)N[C@H]1[C@H](C(=O)N[C@H](C(=O)N[C@H](C(=O)N[C@H](CC(=O)N[C@H](C(=O)N[C@H](C(=O)N[C@H]2[C@H](C(=O)N[C@H](C(=O)N[C@H](C(=O)N[C@H](CC(=O)N[C@H](C(=O)N)Cc9ccccc9)CO)CCCC[NH3+])CC(C)C)CCC2)CCCC[NH3+])CCCC[NH3+])C)CC(C)C)CCCC[NH3+])CCC1)CC(C)C
52,Gly-Leu-ACPC-Lys-Leu-βAla-Lys-Lys-ACPC-Ile-Lys-βSer-Phe-CONH2,[NH3+]CC(=O)N[C@H](C(=O)N[C@H]1[C@H](C(=O)N[C@H](C(=O)N[C@H](C(=O)N[C@H](CC(=O)N[C@H](C(=O)N[C@H](C(=O)N[C@H]2[C@H](C(=O)N[C@H](C(=O)N[C@H](C(=O)N[C@H](CC(=O)N[C@H](C(=O)N)Cc9ccccc9)CO)CCCC[NH3+])[C@H](CC)C)CCC2)CCCC[NH3+])CCCC[NH3+])C)CC(C)C)CCCC[NH3+])CCC1)CC(C)C
53,Gly-Leu-ACPC-Lys-Ile-βAla-Lys-Lys-ACPC-Ile-Lys-βAla-Phe-CONH2,[NH3+]CC(=O)N[C@H](C(=O)N[C@H]1[C@H](C(=O)N[C@H](C(=O)N[C@H](C(=O)N[C@H](CC(=O)N[C@H](C(=O)N[C@H](C(=O)N[C@H]2[C@H](C(=O)N[C@H](C(=O)N[C@H](C(=O)N[C@H](CC(=O)N[C@H](C(=O)N)Cc9ccccc9)C)CCCC[NH3+])[C@H](CC)C)CCC2)CCCC[NH3+])CCCC[NH3+])C)[C@H](CC)C)CCCC[NH3+])CCC1)CC(C)C
54,Gly-Leu-ACPC-Lys-Leu-βIle-Lys-Lys-ACPC-Val-Lys-βThr-Phe-CONH2,[NH3+]CC(=O)N[C@H](C(=O)N[C@H]1[C@H](C(=O)N[C@H](C(=O)N[C@H](C(=O)N[C@H](CC(=O)N[C@H](C(=O)N[C@H](C(=O)N[C@H]2[C@H](C(=O)N[C@H](C(=O)N[C@H](C(=O)N[C@H](CC(=O)N[C@H](C(=O)N)Cc9ccccc9)[C@H](C)O)CCCC[NH3+])C(C)C)CCC2)CCCC[NH3+])CCCC[NH3+])[C@H](CC)C)CC(C)C)CCCC[NH3+])CCC1)CC(C)C
55,Gly-Leu-ACPC-Lys-Leu-βLeu-Lys-Lys-ACPC-Ile-Lys-βThr-Phe-CONH2,[NH3+]CC(=O)N[C@H](C(=O)N[C@H]1[C@H](C(=O)N[C@H](C(=O)N[C@H](C(=O)N[C@H](CC(=O)N[C@H](C(=O)N[C@H](C(=O)N[C@H]2[C@H](C(=O)N[C@H](C(=O)N[C@H](C(=O)N[C@H](CC(=O)N[C@H](C(=O)N)Cc9ccccc9)[C@H](C)O)CCCC[NH3+])[C@H](CC)C)CCC2)CCCC[NH3+])CCCC[NH3+])CC(C)C)CC(C)C)CCCC[NH3+])CCC1)CC(C)C
56,Gly-Leu-ACPC-Lys-Ile-βLeu-Lys-Lys-ACPC-Ile-Lys-βThr-Phe-CONH2,[NH3+]CC(=O)N[C@H](C(=O)N[C@H]1[C@H](C(=O)N[C@H](C(=O)N[C@H](C(=O)N[C@H](CC(=O)N[C@H](C(=O)N[C@H](C(=O)N[C@H]2[C@H](C(=O)N[C@H](C(=O)N[C@H](C(=O)N[C@H](CC(=O)N[C@H](C(=O)N)Cc9ccccc9)[C@H](C)O)CCCC[NH3+])[C@H](CC)C)CCC2)CCCC[NH3+])CCCC[NH3+])CC(C)C)[C@H](CC)C)CCCC[NH3+])CCC1)CC(C)C
57,Gly-Leu-ACPC-Lys-Ile-βLeu-Lys-Lys-ACPC-Leu-Lys-βSer-Phe-CONH2,[NH3+]CC(=O)N[C@H](C(=O)N[C@H]1[C@H](C(=O)N[C@H](C(=O)N[C@H](C(=O)N[C@H](CC(=O)N[C@H](C(=O)N[C@H](C(=O)N[C@H]2[C@H](C(=O)N[C@H](C(=O)N[C@H](C(=O)N[C@H](CC(=O)N[C@H](C(=O)N)Cc9ccccc9)CO)CCCC[NH3+])CC(C)C)CCC2)CCCC[NH3+])CCCC[NH3+])CC(C)C)[C@H](CC)C)CCCC[NH3+])CCC1)CC(C)C
58,Gly-Leu-ACPC-Lys-Leu-βLeu-Lys-Lys-ACPC-Leu-Lys-βSer-Phe-CONH2,[NH3+]CC(=O)N[C@H](C(=O)N[C@H]1[C@H](C(=O)N[C@H](C(=O)N[C@H](C(=O)N[C@H](CC(=O)N[C@H](C(=O)N[C@H](C(=O)N[C@H]2[C@H](C(=O)N[C@H](C(=O)N[C@H](C(=O)N[C@H](CC(=O)N[C@H](C(=O)N)Cc9ccccc9)CO)CCCC[NH3+])CC(C)C)CCC2)CCCC[NH3+])CCCC[NH3+])CC(C)C)CC(C)C)CCCC[NH3+])CCC1)CC(C)C
59,Ser-Leu-ACPC-Lys-Ile-βLeu-Lys-Lys-ACPC-Val-Lys-βSer-Phe-CONH2,[NH3+][C@H](C(=O)N[C@H](C(=O)N[C@H]1[C@H](C(=O)N[C@H](C(=O)N[C@H](C(=O)N[C@H](CC(=O)N[C@H](C(=O)N[C@H](C(=O)N[C@H]2[C@H](C(=O)N[C@H](C(=O)N[C@H](C(=O)N[C@H](CC(=O)N[C@H](C(=O)N)Cc9ccccc9)CO)CCCC[NH3+])C(C)C)CCC2)CCCC[NH3+])CCCC[NH3+])CC(C)C)[C@H](CC)C)CCCC[NH3+])CCC1)CC(C)C)CO
60,Ser-Leu-ACPC-Lys-Ile-βIle-Lys-Lys-ACPC-Leu-Lys-βLeu-Phe-CONH2,[NH3+][C@H](C(=O)N[C@H](C(=O)N[C@H]1[C@H](C(=O)N[C@H](C(=O)N[C@H](C(=O)N[C@H](CC(=O)N[C@H](C(=O)N[C@H](C(=O)N[C@H]2[C@H](C(=O)N[C@H](C(=O)N[C@H](C(=O)N[C@H](CC(=O)N[C@H](C(=O)N)Cc9ccccc9)CC(C)C)CCCC[NH3+])CC(C)C)CCC2)CCCC[NH3+])CCCC[NH3+])[C@H](CC)C)[C@H](CC)C)CCCC[NH3+])CCC1)CC(C)C)CO
61,Thr-Leu-ACPC-Lys-Ile-βIle-Lys-Lys-ACPC-Leu-Lys-βLeu-Phe-CONH2,[NH3+][C@H](C(=O)N[C@H](C(=O)N[C@H]1[C@H](C(=O)N[C@H](C(=O)N[C@H](C(=O)N[C@H](CC(=O)N[C@H](C(=O)N[C@H](C(=O)N[C@H]2[C@H](C(=O)N[C@H](C(=O)N[C@H](C(=O)N[C@H](CC(=O)N[C@H](C(=O)N)Cc9ccccc9)CC(C)C)CCCC[NH3+])CC(C)C)CCC2)CCCC[NH3+])CCCC[NH3+])[C@H](CC)C)[C@H](CC)C)CCCC[NH3+])CCC1)CC(C)C)[C@H](C)O
62,Arg-Leu-ACPC-Lys-Ile-βIle-Lys-Lys-ACPC-Leu-Lys-βSer-Phe-CONH2,[NH3+][C@H](C(=O)N[C@H](C(=O)N[C@H]1[C@H](C(=O)N[C@H](C(=O)N[C@H](C(=O)N[C@H](CC(=O)N[C@H](C(=O)N[C@H](C(=O)N[C@H]2[C@H](C(=O)N[C@H](C(=O)N[C@H](C(=O)N[C@H](CC(=O)N[C@H](C(=O)N)Cc9ccccc9)CO)CCCC[NH3+])CC(C)C)CCC2)CCCC[NH3+])CCCC[NH3+])[C@H](CC)C)[C@H](CC)C)CCCC[NH3+])CCC1)CC(C)C)CCCNC(=[NH2+])N
63,Arg-Leu-ACPC-Lys-Ile-βIle-Lys-Lys-ACPC-Ile-Lys-βThr-Phe-CONH2,[NH3+][C@H](C(=O)N[C@H](C(=O)N[C@H]1[C@H](C(=O)N[C@H](C(=O)N[C@H](C(=O)N[C@H](CC(=O)N[C@H](C(=O)N[C@H](C(=O)N[C@H]2[C@H](C(=O)N[C@H](C(=O)N[C@H](C(=O)N[C@H](CC(=O)N[C@H](C(=O)N)Cc9ccccc9)[C@H](C)O)CCCC[NH3+])[C@H](CC)C)CCC2)CCCC[NH3+])CCCC[NH3+])[C@H](CC)C)[C@H](CC)C)CCCC[NH3+])CCC1)CC(C)C)CCCNC(=[NH2+])N
64,Lys-Leu-ACPC-Lys-Ile-βIle-Lys-Lys-ACPC-Ile-Lys-βThr-Phe-CONH2,[NH3+][C@H](C(=O)N[C@H](C(=O)N[C@H]1[C@H](C(=O)N[C@H](C(=O)N[C@H](C(=O)N[C@H](CC(=O)N[C@H](C(=O)N[C@H](C(=O)N[C@H]2[C@H](C(=O)N[C@H](C(=O)N[C@H](C(=O)N[C@H](CC(=O)N[C@H](C(=O)N)Cc9ccccc9)[C@H](C)O)CCCC[NH3+])[C@H](CC)C)CCC2)CCCC[NH3+])CCCC[NH3+])[C@H](CC)C)[C@H](CC)C)CCCC[NH3+])CCC1)CC(C)C)CCCC[NH3+]
65,Lys-Leu-ACPC-Lys-Ile-βIle-Lys-Lys-ACPC-Leu-Lys-βSer-Phe-CONH2,[NH3+][C@H](C(=O)N[C@H](C(=O)N[C@H]1[C@H](C(=O)N[C@H](C(=O)N[C@H](C(=O)N[C@H](CC(=O)N[C@H](C(=O)N[C@H](C(=O)N[C@H]2[C@H](C(=O)N[C@H](C(=O)N[C@H](C(=O)N[C@H](CC(=O)N[C@H](C(=O)N)Cc9ccccc9)CO)CCCC[NH3+])CC(C)C)CCC2)CCCC[NH3+])CCCC[NH3+])[C@H](CC)C)[C@H](CC)C)CCCC[NH3+])CCC1)CC(C)C)CCCC[NH3+]
66,Lys-Leu-ACPC-Lys-Ile-βIle-Arg-Arg-ACPC-Leu-Lys-βSer-Phe-CONH2,[NH3+][C@H](C(=O)N[C@H](C(=O)N[C@H]1[C@H](C(=O)N[C@H](C(=O)N[C@H](C(=O)N[C@H](CC(=O)N[C@H](C(=O)N[C@H](C(=O)N[C@H]2[C@H](C(=O)N[C@H](C(=O)N[C@H](C(=O)N[C@H](CC(=O)N[C@H](C(=O)N)Cc9ccccc9)CO)CCCC[NH3+])CC(C)C)CCC2)CCCNC(=[NH2+])N)CCCNC(=[NH2+])N)[C@H](CC)C)[C@H](CC)C)CCCC[NH3+])CCC1)CC(C)C)CCCC[NH3+]
67,Gly-Leu-ACPC-Lys-Ile-βIle-Arg-Arg-ACPC-Leu-Lys-βSer-Phe-CONH2,[NH3+]CC(=O)N[C@H](C(=O)N[C@H]1[C@H](C(=O)N[C@H](C(=O)N[C@H](C(=O)N[C@H](CC(=O)N[C@H](C(=O)N[C@H](C(=O)N[C@H]2[C@H](C(=O)N[C@H](C(=O)N[C@H](C(=O)N[C@H](CC(=O)N[C@H](C(=O)N)Cc9ccccc9)CO)CCCC[NH3+])CC(C)C)CCC2)CCCNC(=[NH2+])N)CCCNC(=[NH2+])N)[C@H](CC)C)[C@H](CC)C)CCCC[NH3+])CCC1)CC(C)C
68,Gly-Leu-ACPC-Arg-Ile-βIle-Arg-Arg-ACPC-Leu-Arg-βSer-Phe-CONH2,[NH3+]CC(=O)N[C@H](C(=O)N[C@H]1[C@H](C(=O)N[C@H](C(=O)N[C@H](C(=O)N[C@H](CC(=O)N[C@H](C(=O)N[C@H](C(=O)N[C@H]2[C@H](C(=O)N[C@H](C(=O)N[C@H](C(=O)N[C@H](CC(=O)N[C@H](C(=O)N)Cc9ccccc9)CO)CCCNC(=[NH2+])N)CC(C)C)CCC2)CCCNC(=[NH2+])N)CCCNC(=[NH2+])N)[C@H](CC)C)[C@H](CC)C)CCCNC(=[NH2+])N)CCC1)CC(C)C
69,Lys-Leu-ACPC-Arg-Ile-βIle-Arg-Arg-ACPC-Leu-Arg-βSer-Phe-CONH2,[NH3+][C@H](C(=O)N[C@H](C(=O)N[C@H]1[C@H](C(=O)N[C@H](C(=O)N[C@H](C(=O)N[C@H](CC(=O)N[C@H](C(=O)N[C@H](C(=O)N[C@H]2[C@H](C(=O)N[C@H](C(=O)N[C@H](C(=O)N[C@H](CC(=O)N[C@H](C(=O)N)Cc9ccccc9)CO)CCCNC(=[NH2+])N)CC(C)C)CCC2)CCCNC(=[NH2+])N)CCCNC(=[NH2+])N)[C@H](CC)C)[C@H](CC)C)CCCNC(=[NH2+])N)CCC1)CC(C)C)CCCC[NH3+]
70,Lys-ACPC-Phe-Lys-Ile-βIle-Lys-Lys-ACPC-Ala-Lys-Ser-βPhe-CONH2,[NH3+][C@H](C(=O)N[C@H]1[C@H](C(=O)N[C@H](C(=O)N[C@H](C(=O)N[C@H](C(=O)N[C@H](CC(=O)N[C@H](C(=O)N[C@H](C(=O)N[C@H]2[C@H](C(=O)N[C@H](C(=O)N[C@H](C(=O)N[C@H](C(=O)N[C@H](CC(=O)N)Cc9ccccc9)CO)CCCC[NH3+])C)CCC2)CCCC[NH3+])CCCC[NH3+])[C@H](CC)C)[C@H](CC)C)CCCC[NH3+])Cc9ccccc9)CCC1)CCCC[NH3+]
71,Gly-ACPC-Phe-Lys-Ile-βIle-Lys-Lys-ACPC-Leu-Glu-Ser-βPhe-CONH2,[NH3+]CC(=O)N[C@H]1[C@H](C(=O)N[C@H](C(=O)N[C@H](C(=O)N[C@H](C(=O)N[C@H](CC(=O)N[C@H](C(=O)N[C@H](C(=O)N[C@H]2[C@H](C(=O)N[C@H](C(=O)N[C@H](C(=O)N[C@H](C(=O)N[C@H](CC(=O)N)Cc9ccccc9)CO)CCC(=O)[O-])CC(C)C)CCC2)CCCC[NH3+])CCCC[NH3+])[C@H](CC)C)[C@H](CC)C)CCCC[NH3+])Cc9ccccc9)CCC1
72,Gly-ACPC-Phe-Lys-Ile-βIle-Lys-Lys-ACPC-Leu-Glu-Leu-βPhe-CONH2,[NH3+]CC(=O)N[C@H]1[C@H](C(=O)N[C@H](C(=O)N[C@H](C(=O)N[C@H](C(=O)N[C@H](CC(=O)N[C@H](C(=O)N[C@H](C(=O)N[C@H]2[C@H](C(=O)N[C@H](C(=O)N[C@H](C(=O)N[C@H](C(=O)N[C@H](CC(=O)N)Cc9ccccc9)CC(C)C)CCC(=O)[O-])CC(C)C)CCC2)CCCC[NH3+])CCCC[NH3+])[C@H](CC)C)[C@H](CC)C)CCCC[NH3+])Cc9ccccc9)CCC1
73,Gly-ACPC-Phe-Asp-Ile-βIle-Lys-Lys-ACPC-Leu-Lys-Ser-βPhe-CONH2,[NH3+]CC(=O)N[C@H]1[C@H](C(=O)N[C@H](C(=O)N[C@H](C(=O)N[C@H](C(=O)N[C@H](CC(=O)N[C@H](C(=O)N[C@H](C(=O)N[C@H]2[C@H](C(=O)N[C@H](C(=O)N[C@H](C(=O)N[C@H](C(=O)N[C@H](CC(=O)N)Cc9ccccc9)CO)CCCC[NH3+])CC(C)C)CCC2)CCCC[NH3+])CCCC[NH3+])[C@H](CC)C)[C@H](CC)C)CC(=O)[O-])Cc9ccccc9)CCC1
74,Gly-βLeu-Phe-Lys-Ile-βAla-Lys-Lys-βIle-Leu-Lys-Ser-βPhe-CONH2,[NH3+]CC(=O)N[C@H](CC(=O)N[C@H](C(=O)N[C@H](C(=O)N[C@H](C(=O)N[C@H](CC(=O)N[C@H](C(=O)N[C@H](C(=O)N[C@H](CC(=O)N[C@H](C(=O)N[C@H](C(=O)N[C@H](C(=O)N[C@H](CC(=O)N)Cc9ccccc9)CO)CCCC[NH3+])CC(C)C)[C@H](CC)C)CCCC[NH3+])CCCC[NH3+])C)[C@H](CC)C)CCCC[NH3+])Cc9ccccc9)CC(C)C
75,Gly-βAla-Phe-Lys-Ile-βIle-Lys-Lys-βIle-Leu-Lys-Ser-βPhe-CONH2,[NH3+]CC(=O)N[C@H](CC(=O)N[C@H](C(=O)N[C@H](C(=O)N[C@H](C(=O)N[C@H](CC(=O)N[C@H](C(=O)N[C@H](C(=O)N[C@H](CC(=O)N[C@H](C(=O)N[C@H](C(=O)N[C@H](C(=O)N[C@H](CC(=O)N)Cc9ccccc9)CO)CCCC[NH3+])CC(C)C)[C@H](CC)C)CCCC[NH3+])CCCC[NH3+])[C@H](CC)C)[C@H](CC)C)CCCC[NH3+])Cc9ccccc9)C
76,Gly-βLeu-Phe-Lys-Ile-βAla-Lys-Lys-βIle-Leu-Lys-Leu-βPhe-CONH2,[NH3+]CC(=O)N[C@H](CC(=O)N[C@H](C(=O)N[C@H](C(=O)N[C@H](C(=O)N[C@H](CC(=O)N[C@H](C(=O)N[C@H](C(=O)N[C@H](CC(=O)N[C@H](C(=O)N[C@H](C(=O)N[C@H](C(=O)N[C@H](CC(=O)N)Cc9ccccc9)CC(C)C)CCCC[NH3+])CC(C)C)[C@H](CC)C)CCCC[NH3+])CCCC[NH3+])C)[C@H](CC)C)CCCC[NH3+])Cc9ccccc9)CC(C)C
77,Gly-βAla-Phe-Lys-Ile-βIle-Lys-Lys-βIle-Leu-Lys-Leu-βPhe-CONH2,[NH3+]CC(=O)N[C@H](CC(=O)N[C@H](C(=O)N[C@H](C(=O)N[C@H](C(=O)N[C@H](CC(=O)N[C@H](C(=O)N[C@H](C(=O)N[C@H](CC(=O)N[C@H](C(=O)N[C@H](C(=O)N[C@H](C(=O)N[C@H](CC(=O)N)Cc9ccccc9)CC(C)C)CCCC[NH3+])CC(C)C)[C@H](CC)C)CCCC[NH3+])CCCC[NH3+])[C@H](CC)C)[C@H](CC)C)CCCC[NH3+])Cc9ccccc9)C
78,Gly-ACPC-Phe-Lys-Ile-βIle-Lys-Lys-βIle-Leu-Lys-Ser-βPhe-CONH2,[NH3+]CC(=O)N[C@H]1[C@H](C(=O)N[C@H](C(=O)N[C@H](C(=O)N[C@H](C(=O)N[C@H](CC(=O)N[C@H](C(=O)N[C@H](C(=O)N[C@H](CC(=O)N[C@H](C(=O)N[C@H](C(=O)N[C@H](C(=O)N[C@H](CC(=O)N)Cc9ccccc9)CO)CCCC[NH3+])CC(C)C)[C@H](CC)C)CCCC[NH3+])CCCC[NH3+])[C@H](CC)C)[C@H](CC)C)CCCC[NH3+])Cc9ccccc9)CCC1
79,Gly-ACPC-Phe-Lys-Ile-βIle-Lys-Lys-βIle-Leu-Lys-Leu-βPhe-CONH2,[NH3+]CC(=O)N[C@H]1[C@H](C(=O)N[C@H](C(=O)N[C@H](C(=O)N[C@H](C(=O)N[C@H](CC(=O)N[C@H](C(=O)N[C@H](C(=O)N[C@H](CC(=O)N[C@H](C(=O)N[C@H](C(=O)N[C@H](C(=O)N[C@H](CC(=O)N)Cc9ccccc9)CC(C)C)CCCC[NH3+])CC(C)C)[C@H](CC)C)CCCC[NH3+])CCCC[NH3+])[C@H](CC)C)[C@H](CC)C)CCCC[NH3+])Cc9ccccc9)CCC1
80,Gly-βLeu-Phe-Lys-Ile-βIle-Lys-Lys-ACPC-Leu-Lys-Ser-βPhe-CONH2,[NH3+]CC(=O)N[C@H](CC(=O)N[C@H](C(=O)N[C@H](C(=O)N[C@H](C(=O)N[C@H](CC(=O)N[C@H](C(=O)N[C@H](C(=O)N[C@H]1[C@H](C(=O)N[C@H](C(=O)N[C@H](C(=O)N[C@H](C(=O)N[C@H](CC(=O)N)Cc9ccccc9)CO)CCCC[NH3+])CC(C)C)CCC1)CCCC[NH3+])CCCC[NH3+])[C@H](CC)C)[C@H](CC)C)CCCC[NH3+])Cc9ccccc9)CC(C)C
81,Gly-βLeu-Phe-Lys-Ile-βIle-Lys-Lys-ACPC-Leu-Lys-Leu-βPhe-CONH2,[NH3+]CC(=O)N[C@H](CC(=O)N[C@H](C(=O)N[C@H](C(=O)N[C@H](C(=O)N[C@H](CC(=O)N[C@H](C(=O)N[C@H](C(=O)N[C@H]1[C@H](C(=O)N[C@H](C(=O)N[C@H](C(=O)N[C@H](C(=O)N[C@H](CC(=O)N)Cc9ccccc9)CC(C)C)CCCC[NH3+])CC(C)C)CCC1)CCCC[NH3+])CCCC[NH3+])[C@H](CC)C)[C@H](CC)C)CCCC[NH3+])Cc9ccccc9)CC(C)C
82,Gly-βLeu-Phe-Lys-Ile-βIle-Lys-Lys-βIle-Ala-Lys-Ala-βPhe-CONH2,[NH3+]CC(=O)N[C@H](CC(=O)N[C@H](C(=O)N[C@H](C(=O)N[C@H](C(=O)N[C@H](CC(=O)N[C@H](C(=O)N[C@H](C(=O)N[C@H](CC(=O)N[C@H](C(=O)N[C@H](C(=O)N[C@H](C(=O)N[C@H](CC(=O)N)Cc9ccccc9)C)CCCC[NH3+])C)[C@H](CC)C)CCCC[NH3+])CCCC[NH3+])[C@H](CC)C)[C@H](CC)C)CCCC[NH3+])Cc9ccccc9)CC(C)C
83,Gly-βLeu-Phe-Lys-Ile-βIle-Lys-Lys-βIle-Ala-Lys-Val-βPhe-CONH2,[NH3+]CC(=O)N[C@H](CC(=O)N[C@H](C(=O)N[C@H](C(=O)N[C@H](C(=O)N[C@H](CC(=O)N[C@H](C(=O)N[C@H](C(=O)N[C@H](CC(=O)N[C@H](C(=O)N[C@H](C(=O)N[C@H](C(=O)N[C@H](CC(=O)N)Cc9ccccc9)C(C)C)CCCC[NH3+])C)[C@H](CC)C)CCCC[NH3+])CCCC[NH3+])[C@H](CC)C)[C@H](CC)C)CCCC[NH3+])Cc9ccccc9)CC(C)C
84,Gly-βLeu-Phe-Lys-Ile-βIle-Lys-Lys-βIle-Ala-Lys-Leu-βPhe-CONH2,[NH3+]CC(=O)N[C@H](CC(=O)N[C@H](C(=O)N[C@H](C(=O)N[C@H](C(=O)N[C@H](CC(=O)N[C@H](C(=O)N[C@H](C(=O)N[C@H](CC(=O)N[C@H](C(=O)N[C@H](C(=O)N[C@H](C(=O)N[C@H](CC(=O)N)Cc9ccccc9)CC(C)C)CCCC[NH3+])C)[C@H](CC)C)CCCC[NH3+])CCCC[NH3+])[C@H](CC)C)[C@H](CC)C)CCCC[NH3+])Cc9ccccc9)CC(C)C
85,Gly-βLeu-Phe-Lys-Ile-βAla-Lys-Lys-βIle-Ala-Lys-Leu-βPhe-CONH2,[NH3+]CC(=O)N[C@H](CC(=O)N[C@H](C(=O)N[C@H](C(=O)N[C@H](C(=O)N[C@H](CC(=O)N[C@H](C(=O)N[C@H](C(=O)N[C@H](CC(=O)N[C@H](C(=O)N[C@H](C(=O)N[C@H](C(=O)N[C@H](CC(=O)N)Cc9ccccc9)CC(C)C)CCCC[NH3+])C)[C@H](CC)C)CCCC[NH3+])CCCC[NH3+])C)[C@H](CC)C)CCCC[NH3+])Cc9ccccc9)CC(C)C
86,Gly-βAla-Phe-Lys-Ile-βIle-Lys-Lys-βIle-Ala-Lys-Leu-βPhe-CONH2,[NH3+]CC(=O)N[C@H](CC(=O)N[C@H](C(=O)N[C@H](C(=O)N[C@H](C(=O)N[C@H](CC(=O)N[C@H](C(=O)N[C@H](C(=O)N[C@H](CC(=O)N[C@H](C(=O)N[C@H](C(=O)N[C@H](C(=O)N[C@H](CC(=O)N)Cc9ccccc9)CC(C)C)CCCC[NH3+])C)[C@H](CC)C)CCCC[NH3+])CCCC[NH3+])[C@H](CC)C)[C@H](CC)C)CCCC[NH3+])Cc9ccccc9)C
87,Gly-βLeu-Phe-Lys-Ile-βIle-Lys-Lys-βIle-Val-Lys-Leu-βPhe-CONH2,[NH3+]CC(=O)N[C@H](CC(=O)N[C@H](C(=O)N[C@H](C(=O)N[C@H](C(=O)N[C@H](CC(=O)N[C@H](C(=O)N[C@H](C(=O)N[C@H](CC(=O)N[C@H](C(=O)N[C@H](C(=O)N[C@H](C(=O)N[C@H](CC(=O)N)Cc9ccccc9)CC(C)C)CCCC[NH3+])C(C)C)[C@H](CC)C)CCCC[NH3+])CCCC[NH3+])[C@H](CC)C)[C@H](CC)C)CCCC[NH3+])Cc9ccccc9)CC(C)C
88,Gly-βLeu-Phe-Lys-Ile-βIle-Lys-Lys-βIle-Leu-Lys-Ala-βPhe-CONH2,[NH3+]CC(=O)N[C@H](CC(=O)N[C@H](C(=O)N[C@H](C(=O)N[C@H](C(=O)N[C@H](CC(=O)N[C@H](C(=O)N[C@H](C(=O)N[C@H](CC(=O)N[C@H](C(=O)N[C@H](C(=O)N[C@H](C(=O)N[C@H](CC(=O)N)Cc9ccccc9)C)CCCC[NH3+])CC(C)C)[C@H](CC)C)CCCC[NH3+])CCCC[NH3+])[C@H](CC)C)[C@H](CC)C)CCCC[NH3+])Cc9ccccc9)CC(C)C
89,Gly-βLeu-Phe-Lys-Ile-βIle-Lys-Lys-βIle-Leu-Lys-Val-βPhe-CONH2,[NH3+]CC(=O)N[C@H](CC(=O)N[C@H](C(=O)N[C@H](C(=O)N[C@H](C(=O)N[C@H](CC(=O)N[C@H](C(=O)N[C@H](C(=O)N[C@H](CC(=O)N[C@H](C(=O)N[C@H](C(=O)N[C@H](C(=O)N[C@H](CC(=O)N)Cc9ccccc9)C(C)C)CCCC[NH3+])CC(C)C)[C@H](CC)C)CCCC[NH3+])CCCC[NH3+])[C@H](CC)C)[C@H](CC)C)CCCC[NH3+])Cc9ccccc9)CC(C)C
90,Gly-βLeu-Phe-Lys-Ile-βIle-Lys-Lys-βIle-Val-Lys-Ser-βPhe-CONH2,[NH3+]CC(=O)N[C@H](CC(=O)N[C@H](C(=O)N[C@H](C(=O)N[C@H](C(=O)N[C@H](CC(=O)N[C@H](C(=O)N[C@H](C(=O)N[C@H](CC(=O)N[C@H](C(=O)N[C@H](C(=O)N[C@H](C(=O)N[C@H](CC(=O)N)Cc9ccccc9)CO)CCCC[NH3+])C(C)C)[C@H](CC)C)CCCC[NH3+])CCCC[NH3+])[C@H](CC)C)[C@H](CC)C)CCCC[NH3+])Cc9ccccc9)CC(C)C
91,Gly-βLeu-Phe-Lys-Ile-βIle-Lys-Lys-βIle-Val-Lys-Thr-βPhe-CONH2,[NH3+]CC(=O)N[C@H](CC(=O)N[C@H](C(=O)N[C@H](C(=O)N[C@H](C(=O)N[C@H](CC(=O)N[C@H](C(=O)N[C@H](C(=O)N[C@H](CC(=O)N[C@H](C(=O)N[C@H](C(=O)N[C@H](C(=O)N[C@H](CC(=O)N)Cc9ccccc9)[C@H](C)O)CCCC[NH3+])C(C)C)[C@H](CC)C)CCCC[NH3+])CCCC[NH3+])[C@H](CC)C)[C@H](CC)C)CCCC[NH3+])Cc9ccccc9)CC(C)C
92,Gly-βLeu-Phe-Lys-Ile-βIle-Lys-Lys-βIle-Val-Lys-Ala-βPhe-CONH2,[NH3+]CC(=O)N[C@H](CC(=O)N[C@H](C(=O)N[C@H](C(=O)N[C@H](C(=O)N[C@H](CC(=O)N[C@H](C(=O)N[C@H](C(=O)N[C@H](CC(=O)N[C@H](C(=O)N[C@H](C(=O)N[C@H](C(=O)N[C@H](CC(=O)N)Cc9ccccc9)C)CCCC[NH3+])C(C)C)[C@H](CC)C)CCCC[NH3+])CCCC[NH3+])[C@H](CC)C)[C@H](CC)C)CCCC[NH3+])Cc9ccccc9)CC(C)C
93,Gly-βLeu-Phe-Lys-Ile-βIle-Lys-Lys-βIle-Ile-Lys-Ser-βPhe-CONH2,[NH3+]CC(=O)N[C@H](CC(=O)N[C@H](C(=O)N[C@H](C(=O)N[C@H](C(=O)N[C@H](CC(=O)N[C@H](C(=O)N[C@H](C(=O)N[C@H](CC(=O)N[C@H](C(=O)N[C@H](C(=O)N[C@H](C(=O)N[C@H](CC(=O)N)Cc9ccccc9)CO)CCCC[NH3+])[C@H](CC)C)[C@H](CC)C)CCCC[NH3+])CCCC[NH3+])[C@H](CC)C)[C@H](CC)C)CCCC[NH3+])Cc9ccccc9)CC(C)C
94,Gly-βLeu-Phe-Lys-Ile-βIle-Lys-Lys-βIle-Ile-Lys-Thr-βPhe-CONH2,[NH3+]CC(=O)N[C@H](CC(=O)N[C@H](C(=O)N[C@H](C(=O)N[C@H](C(=O)N[C@H](CC(=O)N[C@H](C(=O)N[C@H](C(=O)N[C@H](CC(=O)N[C@H](C(=O)N[C@H](C(=O)N[C@H](C(=O)N[C@H](CC(=O)N)Cc9ccccc9)[C@H](C)O)CCCC[NH3+])[C@H](CC)C)[C@H](CC)C)CCCC[NH3+])CCCC[NH3+])[C@H](CC)C)[C@H](CC)C)CCCC[NH3+])Cc9ccccc9)CC(C)C
95,Gly-βLeu-Phe-Lys-Ile-βIle-Lys-Lys-βIle-Ile-Lys-Ala-βPhe-CONH2,[NH3+]CC(=O)N[C@H](CC(=O)N[C@H](C(=O)N[C@H](C(=O)N[C@H](C(=O)N[C@H](CC(=O)N[C@H](C(=O)N[C@H](C(=O)N[C@H](CC(=O)N[C@H](C(=O)N[C@H](C(=O)N[C@H](C(=O)N[C@H](CC(=O)N)Cc9ccccc9)C)CCCC[NH3+])[C@H](CC)C)[C@H](CC)C)CCCC[NH3+])CCCC[NH3+])[C@H](CC)C)[C@H](CC)C)CCCC[NH3+])Cc9ccccc9)CC(C)C
96,Gly-ACPC-Phe-Lys-Ile-βIle-Lys-Lys-ACPC-Ala-Lys-Ala-βPhe-CONH2,[NH3+]CC(=O)N[C@H]1[C@H](C(=O)N[C@H](C(=O)N[C@H](C(=O)N[C@H](C(=O)N[C@H](CC(=O)N[C@H](C(=O)N[C@H](C(=O)N[C@H]2[C@H](C(=O)N[C@H](C(=O)N[C@H](C(=O)N[C@H](C(=O)N[C@H](CC(=O)N)Cc9ccccc9)C)CCCC[NH3+])C)CCC2)CCCC[NH3+])CCCC[NH3+])[C@H](CC)C)[C@H](CC)C)CCCC[NH3+])Cc9ccccc9)CCC1
97,Gly-ACPC-Phe-Lys-Ile-βIle-Lys-Lys-ACPC-Ala-Lys-Val-βPhe-CONH2,[NH3+]CC(=O)N[C@H]1[C@H](C(=O)N[C@H](C(=O)N[C@H](C(=O)N[C@H](C(=O)N[C@H](CC(=O)N[C@H](C(=O)N[C@H](C(=O)N[C@H]2[C@H](C(=O)N[C@H](C(=O)N[C@H](C(=O)N[C@H](C(=O)N[C@H](CC(=O)N)Cc9ccccc9)C(C)C)CCCC[NH3+])C)CCC2)CCCC[NH3+])CCCC[NH3+])[C@H](CC)C)[C@H](CC)C)CCCC[NH3+])Cc9ccccc9)CCC1
98,Gly-ACPC-Phe-Lys-Ile-βIle-Lys-Lys-ACPC-Ala-Lys-Leu-βPhe-CONH2,[NH3+]CC(=O)N[C@H]1[C@H](C(=O)N[C@H](C(=O)N[C@H](C(=O)N[C@H](C(=O)N[C@H](CC(=O)N[C@H](C(=O)N[C@H](C(=O)N[C@H]2[C@H](C(=O)N[C@H](C(=O)N[C@H](C(=O)N[C@H](C(=O)N[C@H](CC(=O)N)Cc9ccccc9)CC(C)C)CCCC[NH3+])C)CCC2)CCCC[NH3+])CCCC[NH3+])[C@H](CC)C)[C@H](CC)C)CCCC[NH3+])Cc9ccccc9)CCC1
99,Gly-ACPC-Phe-Lys-Ile-βIle-Lys-Lys-ACPC-Val-Lys-Ser-βPhe-CONH2,[NH3+]CC(=O)N[C@H]1[C@H](C(=O)N[C@H](C(=O)N[C@H](C(=O)N[C@H](C(=O)N[C@H](CC(=O)N[C@H](C(=O)N[C@H](C(=O)N[C@H]2[C@H](C(=O)N[C@H](C(=O)N[C@H](C(=O)N[C@H](C(=O)N[C@H](CC(=O)N)Cc9ccccc9)CO)CCCC[NH3+])C(C)C)CCC2)CCCC[NH3+])CCCC[NH3+])[C@H](CC)C)[C@H](CC)C)CCCC[NH3+])Cc9ccccc9)CCC1
100,Lys-ACPC-Phe-Lys-Ile-βIle-Lys-Lys-ACPC-Val-Lys-Ser-βPhe-CONH2,[NH3+][C@H](C(=O)N[C@H]1[C@H](C(=O)N[C@H](C(=O)N[C@H](C(=O)N[C@H](C(=O)N[C@H](CC(=O)N[C@H](C(=O)N[C@H](C(=O)N[C@H]2[C@H](C(=O)N[C@H](C(=O)N[C@H](C(=O)N[C@H](C(=O)N[C@H](CC(=O)N)Cc9ccccc9)CO)CCCC[NH3+])C(C)C)CCC2)CCCC[NH3+])CCCC[NH3+])[C@H](CC)C)[C@H](CC)C)CCCC[NH3+])Cc9ccccc9)CCC1)CCCC[NH3+]
101,Gly-ACPC-Phe-Lys-Ile-βIle-Lys-Lys-ACPC-Val-Lys-Thr-βPhe-CONH2,[NH3+]CC(=O)N[C@H]1[C@H](C(=O)N[C@H](C(=O)N[C@H](C(=O)N[C@H](C(=O)N[C@H](CC(=O)N[C@H](C(=O)N[C@H](C(=O)N[C@H]2[C@H](C(=O)N[C@H](C(=O)N[C@H](C(=O)N[C@H](C(=O)N[C@H](CC(=O)N)Cc9ccccc9)[C@H](C)O)CCCC[NH3+])C(C)C)CCC2)CCCC[NH3+])CCCC[NH3+])[C@H](CC)C)[C@H](CC)C)CCCC[NH3+])Cc9ccccc9)CCC1
102,Gly-ACPC-Phe-Lys-Ile-βIle-Lys-Lys-ACPC-Val-Lys-Ala-βPhe-CONH2,[NH3+]CC(=O)N[C@H]1[C@H](C(=O)N[C@H](C(=O)N[C@H](C(=O)N[C@H](C(=O)N[C@H](CC(=O)N[C@H](C(=O)N[C@H](C(=O)N[C@H]2[C@H](C(=O)N[C@H](C(=O)N[C@H](C(=O)N[C@H](C(=O)N[C@H](CC(=O)N)Cc9ccccc9)C)CCCC[NH3+])C(C)C)CCC2)CCCC[NH3+])CCCC[NH3+])[C@H](CC)C)[C@H](CC)C)CCCC[NH3+])Cc9ccccc9)CCC1
103,Gly-ACPC-Phe-Lys-Ile-βIle-Lys-Lys-ACPC-Val-Lys-Val-βPhe-CONH2,[NH3+]CC(=O)N[C@H]1[C@H](C(=O)N[C@H](C(=O)N[C@H](C(=O)N[C@H](C(=O)N[C@H](CC(=O)N[C@H](C(=O)N[C@H](C(=O)N[C@H]2[C@H](C(=O)N[C@H](C(=O)N[C@H](C(=O)N[C@H](C(=O)N[C@H](CC(=O)N)Cc9ccccc9)C(C)C)CCCC[NH3+])C(C)C)CCC2)CCCC[NH3+])CCCC[NH3+])[C@H](CC)C)[C@H](CC)C)CCCC[NH3+])Cc9ccccc9)CCC1
104,Gly-ACPC-Phe-Lys-Ile-βIle-Lys-Lys-ACPC-Val-Lys-Leu-βPhe-CONH2,[NH3+]CC(=O)N[C@H]1[C@H](C(=O)N[C@H](C(=O)N[C@H](C(=O)N[C@H](C(=O)N[C@H](CC(=O)N[C@H](C(=O)N[C@H](C(=O)N[C@H]2[C@H](C(=O)N[C@H](C(=O)N[C@H](C(=O)N[C@H](C(=O)N[C@H](CC(=O)N)Cc9ccccc9)CC(C)C)CCCC[NH3+])C(C)C)CCC2)CCCC[NH3+])CCCC[NH3+])[C@H](CC)C)[C@H](CC)C)CCCC[NH3+])Cc9ccccc9)CCC1
105,Gly-ACPC-Phe-Lys-Ile-βIle-Lys-Lys-ACPC-Ile-Lys-Ser-βPhe-CONH2,[NH3+]CC(=O)N[C@H]1[C@H](C(=O)N[C@H](C(=O)N[C@H](C(=O)N[C@H](C(=O)N[C@H](CC(=O)N[C@H](C(=O)N[C@H](C(=O)N[C@H]2[C@H](C(=O)N[C@H](C(=O)N[C@H](C(=O)N[C@H](C(=O)N[C@H](CC(=O)N)Cc9ccccc9)CO)CCCC[NH3+])[C@H](CC)C)CCC2)CCCC[NH3+])CCCC[NH3+])[C@H](CC)C)[C@H](CC)C)CCCC[NH3+])Cc9ccccc9)CCC1
106,Gly-ACPC-Phe-Lys-Ile-βIle-Lys-Lys-ACPC-Ile-Lys-Thr-βPhe-CONH2,[NH3+]CC(=O)N[C@H]1[C@H](C(=O)N[C@H](C(=O)N[C@H](C(=O)N[C@H](C(=O)N[C@H](CC(=O)N[C@H](C(=O)N[C@H](C(=O)N[C@H]2[C@H](C(=O)N[C@H](C(=O)N[C@H](C(=O)N[C@H](C(=O)N[C@H](CC(=O)N)Cc9ccccc9)[C@H](C)O)CCCC[NH3+])[C@H](CC)C)CCC2)CCCC[NH3+])CCCC[NH3+])[C@H](CC)C)[C@H](CC)C)CCCC[NH3+])Cc9ccccc9)CCC1
107,Gly-ACPC-Phe-Lys-Ile-βIle-Lys-Lys-ACPC-Ile-Lys-Ala-βPhe-CONH2,[NH3+]CC(=O)N[C@H]1[C@H](C(=O)N[C@H](C(=O)N[C@H](C(=O)N[C@H](C(=O)N[C@H](CC(=O)N[C@H](C(=O)N[C@H](C(=O)N[C@H]2[C@H](C(=O)N[C@H](C(=O)N[C@H](C(=O)N[C@H](C(=O)N[C@H](CC(=O)N)Cc9ccccc9)C)CCCC[NH3+])[C@H](CC)C)CCC2)CCCC[NH3+])CCCC[NH3+])[C@H](CC)C)[C@H](CC)C)CCCC[NH3+])Cc9ccccc9)CCC1
108,Gly-ACPC-Phe-Lys-Ile-βIle-Lys-Lys-ACPC-Leu-Lys-Ala-βPhe-CONH2,[NH3+]CC(=O)N[C@H]1[C@H](C(=O)N[C@H](C(=O)N[C@H](C(=O)N[C@H](C(=O)N[C@H](CC(=O)N[C@H](C(=O)N[C@H](C(=O)N[C@H]2[C@H](C(=O)N[C@H](C(=O)N[C@H](C(=O)N[C@H](C(=O)N[C@H](CC(=O)N)Cc9ccccc9)C)CCCC[NH3+])CC(C)C)CCC2)CCCC[NH3+])CCCC[NH3+])[C@H](CC)C)[C@H](CC)C)CCCC[NH3+])Cc9ccccc9)CCC1
109,Gly-ACPC-Phe-Lys-Ile-βIle-Lys-Lys-ACPC-Leu-Lys-Val-βPhe-CONH2,[NH3+]CC(=O)N[C@H]1[C@H](C(=O)N[C@H](C(=O)N[C@H](C(=O)N[C@H](C(=O)N[C@H](CC(=O)N[C@H](C(=O)N[C@H](C(=O)N[C@H]2[C@H](C(=O)N[C@H](C(=O)N[C@H](C(=O)N[C@H](C(=O)N[C@H](CC(=O)N)Cc9ccccc9)C(C)C)CCCC[NH3+])CC(C)C)CCC2)CCCC[NH3+])CCCC[NH3+])[C@H](CC)C)[C@H](CC)C)CCCC[NH3+])Cc9ccccc9)CCC1
110,Gly-βLeu-Phe-Lys-Ile-βIle-Lys-Lys-βIle-Ala-Lys-Ile-βPhe-CONH2,[NH3+]CC(=O)N[C@H](CC(=O)N[C@H](C(=O)N[C@H](C(=O)N[C@H](C(=O)N[C@H](CC(=O)N[C@H](C(=O)N[C@H](C(=O)N[C@H](CC(=O)N[C@H](C(=O)N[C@H](C(=O)N[C@H](C(=O)N[C@H](CC(=O)N)Cc9ccccc9)[C@H](CC)C)CCCC[NH3+])C)[C@H](CC)C)CCCC[NH3+])CCCC[NH3+])[C@H](CC)C)[C@H](CC)C)CCCC[NH3+])Cc9ccccc9)CC(C)C
111,Gly-βLeu-Phe-Lys-Ile-βIle-Lys-Lys-βIle-Leu-Lys-Thr-βPhe-CONH2,[NH3+]CC(=O)N[C@H](CC(=O)N[C@H](C(=O)N[C@H](C(=O)N[C@H](C(=O)N[C@H](CC(=O)N[C@H](C(=O)N[C@H](C(=O)N[C@H](CC(=O)N[C@H](C(=O)N[C@H](C(=O)N[C@H](C(=O)N[C@H](CC(=O)N)Cc9ccccc9)[C@H](C)O)CCCC[NH3+])CC(C)C)[C@H](CC)C)CCCC[NH3+])CCCC[NH3+])[C@H](CC)C)[C@H](CC)C)CCCC[NH3+])Cc9ccccc9)CC(C)C
112,Gly-ACPC-Phe-Lys-Ile-βIle-Lys-Lys-ACPC-Ala-Lys-Ile-βPhe-CONH2,[NH3+]CC(=O)N[C@H]1[C@H](C(=O)N[C@H](C(=O)N[C@H](C(=O)N[C@H](C(=O)N[C@H](CC(=O)N[C@H](C(=O)N[C@H](C(=O)N[C@H]2[C@H](C(=O)N[C@H](C(=O)N[C@H](C(=O)N[C@H](C(=O)N[C@H](CC(=O)N)Cc9ccccc9)[C@H](CC)C)CCCC[NH3+])C)CCC2)CCCC[NH3+])CCCC[NH3+])[C@H](CC)C)[C@H](CC)C)CCCC[NH3+])Cc9ccccc9)CCC1
113,Gly-ACPC-Phe-Lys-Ile-βIle-Lys-Lys-ACPC-Val-Lys-Ile-βPhe-CONH2,[NH3+]CC(=O)N[C@H]1[C@H](C(=O)N[C@H](C(=O)N[C@H](C(=O)N[C@H](C(=O)N[C@H](CC(=O)N[C@H](C(=O)N[C@H](C(=O)N[C@H]2[C@H](C(=O)N[C@H](C(=O)N[C@H](C(=O)N[C@H](C(=O)N[C@H](CC(=O)N)Cc9ccccc9)[C@H](CC)C)CCCC[NH3+])C(C)C)CCC2)CCCC[NH3+])CCCC[NH3+])[C@H](CC)C)[C@H](CC)C)CCCC[NH3+])Cc9ccccc9)CCC1
114,Gly-ACPC-Phe-Lys-Ile-βIle-Lys-Lys-ACPC-Leu-Lys-Thr-βPhe-CONH2,[NH3+]CC(=O)N[C@H]1[C@H](C(=O)N[C@H](C(=O)N[C@H](C(=O)N[C@H](C(=O)N[C@H](CC(=O)N[C@H](C(=O)N[C@H](C(=O)N[C@H]2[C@H](C(=O)N[C@H](C(=O)N[C@H](C(=O)N[C@H](C(=O)N[C@H](CC(=O)N)Cc9ccccc9)[C@H](C)O)CCCC[NH3+])CC(C)C)CCC2)CCCC[NH3+])CCCC[NH3+])[C@H](CC)C)[C@H](CC)C)CCCC[NH3+])Cc9ccccc9)CCC1
115,Gly-βLeu-Phe-Lys-Ile-βIle-Lys-Lys-βIle-Ala-Lys-Thr-βPhe-CONH2,[NH3+]CC(=O)N[C@H](CC(=O)N[C@H](C(=O)N[C@H](C(=O)N[C@H](C(=O)N[C@H](CC(=O)N[C@H](C(=O)N[C@H](C(=O)N[C@H](CC(=O)N[C@H](C(=O)N[C@H](C(=O)N[C@H](C(=O)N[C@H](CC(=O)N)Cc9ccccc9)[C@H](C)O)CCCC[NH3+])C)[C@H](CC)C)CCCC[NH3+])CCCC[NH3+])[C@H](CC)C)[C@H](CC)C)CCCC[NH3+])Cc9ccccc9)CC(C)C
116,Gly-ACPC-Phe-Lys-Ile-βIle-Lys-Lys-ACPC-Ala-Lys-Thr-βPhe-CONH2,[NH3+]CC(=O)N[C@H]1[C@H](C(=O)N[C@H](C(=O)N[C@H](C(=O)N[C@H](C(=O)N[C@H](CC(=O)N[C@H](C(=O)N[C@H](C(=O)N[C@H]2[C@H](C(=O)N[C@H](C(=O)N[C@H](C(=O)N[C@H](C(=O)N[C@H](CC(=O)N)Cc9ccccc9)[C@H](C)O)CCCC[NH3+])C)CCC2)CCCC[NH3+])CCCC[NH3+])[C@H](CC)C)[C@H](CC)C)CCCC[NH3+])Cc9ccccc9)CCC1
117,Lys-ACPC-Phe-Lys-Ile-βIle-Lys-Lys-ACPC-Ala-Lys-Thr-βPhe-CONH2,[NH3+][C@H](C(=O)N[C@H]1[C@H](C(=O)N[C@H](C(=O)N[C@H](C(=O)N[C@H](C(=O)N[C@H](CC(=O)N[C@H](C(=O)N[C@H](C(=O)N[C@H]2[C@H](C(=O)N[C@H](C(=O)N[C@H](C(=O)N[C@H](C(=O)N[C@H](CC(=O)N)Cc9ccccc9)[C@H](C)O)CCCC[NH3+])C)CCC2)CCCC[NH3+])CCCC[NH3+])[C@H](CC)C)[C@H](CC)C)CCCC[NH3+])Cc9ccccc9)CCC1)CCCC[NH3+]
118,Gly-ACPC-Phe-Arg-Ile-βIle-Lys-Arg-ACPC-Ala-Lys-Ser-βPhe-CONH2,[NH3+]CC(=O)N[C@H]1[C@H](C(=O)N[C@H](C(=O)N[C@H](C(=O)N[C@H](C(=O)N[C@H](CC(=O)N[C@H](C(=O)N[C@H](C(=O)N[C@H]2[C@H](C(=O)N[C@H](C(=O)N[C@H](C(=O)N[C@H](C(=O)N[C@H](CC(=O)N)Cc9ccccc9)CO)CCCC[NH3+])C)CCC2)CCCNC(=[NH2+])N)CCCC[NH3+])[C@H](CC)C)[C@H](CC)C)CCCNC(=[NH2+])N)Cc9ccccc9)CCC1
119,Gly-ACPC-Phe-Lys-Ile-βIle-Arg-Lys-ACPC-Ala-Arg-Ser-βPhe-CONH2,[NH3+]CC(=O)N[C@H]1[C@H](C(=O)N[C@H](C(=O)N[C@H](C(=O)N[C@H](C(=O)N[C@H](CC(=O)N[C@H](C(=O)N[C@H](C(=O)N[C@H]2[C@H](C(=O)N[C@H](C(=O)N[C@H](C(=O)N[C@H](C(=O)N[C@H](CC(=O)N)Cc9ccccc9)CO)CCCNC(=[NH2+])N)C)CCC2)CCCC[NH3+])CCCNC(=[NH2+])N)[C@H](CC)C)[C@H](CC)C)CCCC[NH3+])Cc9ccccc9)CCC1
120,Lys-ACPC-Phe-Lys-Ile-βIle-Arg-Lys-ACPC-Ala-Arg-Ser-βPhe-CONH2,[NH3+][C@H](C(=O)N[C@H]1[C@H](C(=O)N[C@H](C(=O)N[C@H](C(=O)N[C@H](C(=O)N[C@H](CC(=O)N[C@H](C(=O)N[C@H](C(=O)N[C@H]2[C@H](C(=O)N[C@H](C(=O)N[C@H](C(=O)N[C@H](C(=O)N[C@H](CC(=O)N)Cc9ccccc9)CO)CCCNC(=[NH2+])N)C)CCC2)CCCC[NH3+])CCCNC(=[NH2+])N)[C@H](CC)C)[C@H](CC)C)CCCC[NH3+])Cc9ccccc9)CCC1)CCCC[NH3+]
121,Gly-ACPC-Phe-Arg-Ile-βIle-Arg-Arg-ACPC-Ala-Arg-Ser-βPhe-CONH2,[NH3+]CC(=O)N[C@H]1[C@H](C(=O)N[C@H](C(=O)N[C@H](C(=O)N[C@H](C(=O)N[C@H](CC(=O)N[C@H](C(=O)N[C@H](C(=O)N[C@H]2[C@H](C(=O)N[C@H](C(=O)N[C@H](C(=O)N[C@H](C(=O)N[C@H](CC(=O)N)Cc9ccccc9)CO)CCCNC(=[NH2+])N)C)CCC2)CCCNC(=[NH2+])N)CCCNC(=[NH2+])N)[C@H](CC)C)[C@H](CC)C)CCCNC(=[NH2+])N)Cc9ccccc9)CCC1
122,Lys-ACPC-Phe-Arg-Ile-βIle-Arg-Arg-ACPC-Ala-Arg-Ser-βPhe-CONH2,[NH3+][C@H](C(=O)N[C@H]1[C@H](C(=O)N[C@H](C(=O)N[C@H](C(=O)N[C@H](C(=O)N[C@H](CC(=O)N[C@H](C(=O)N[C@H](C(=O)N[C@H]2[C@H](C(=O)N[C@H](C(=O)N[C@H](C(=O)N[C@H](C(=O)N[C@H](CC(=O)N)Cc9ccccc9)CO)CCCNC(=[NH2+])N)C)CCC2)CCCNC(=[NH2+])N)CCCNC(=[NH2+])N)[C@H](CC)C)[C@H](CC)C)CCCNC(=[NH2+])N)Cc9ccccc9)CCC1)CCCC[NH3+]
123,Gly-ACPC-Phe-Lys-Ile-βIle-Lys-Lys-ACPC-Abu-Lys-Ser-βPhe-CONH2,[NH3+]CC(=O)N[C@H]1[C@H](C(=O)N[C@H](C(=O)N[C@H](C(=O)N[C@H](C(=O)N[C@H](CC(=O)N[C@H](C(=O)N[C@H](C(=O)N[C@H]2[C@H](C(=O)N[C@H](C(=O)N[C@H](C(=O)N[C@H](C(=O)N[C@H](CC(=O)N)Cc9ccccc9)CO)CCCC[NH3+])CC)CCC2)CCCC[NH3+])CCCC[NH3+])[C@H](CC)C)[C@H](CC)C)CCCC[NH3+])Cc9ccccc9)CCC1
124,Gly-ACPC-Phe-Lys-Ile-βIle-Lys-Lys-ACPC-Abu-Lys-Thr-βPhe-CONH2,[NH3+]CC(=O)N[C@H]1[C@H](C(=O)N[C@H](C(=O)N[C@H](C(=O)N[C@H](C(=O)N[C@H](CC(=O)N[C@H](C(=O)N[C@H](C(=O)N[C@H]2[C@H](C(=O)N[C@H](C(=O)N[C@H](C(=O)N[C@H](C(=O)N[C@H](CC(=O)N)Cc9ccccc9)[C@H](C)O)CCCC[NH3+])CC)CCC2)CCCC[NH3+])CCCC[NH3+])[C@H](CC)C)[C@H](CC)C)CCCC[NH3+])Cc9ccccc9)CCC1
125,Lys-ACPC-Phe-Lys-Ile-βAla-Lys-Lys-ACPC-Val-Lys-Leu-βPhe-CONH2,[NH3+][C@H](C(=O)N[C@H]1[C@H](C(=O)N[C@H](C(=O)N[C@H](C(=O)N[C@H](C(=O)N[C@H](CC(=O)N[C@H](C(=O)N[C@H](C(=O)N[C@H]2[C@H](C(=O)N[C@H](C(=O)N[C@H](C(=O)N[C@H](C(=O)N[C@H](CC(=O)N)Cc9ccccc9)CC(C)C)CCCC[NH3+])C(C)C)CCC2)CCCC[NH3+])CCCC[NH3+])C)[C@H](CC)C)CCCC[NH3+])Cc9ccccc9)CCC1)CCCC[NH3+]
126,Gly-ACPC-Phe-Lys-Ile-βAla-Lys-Lys-ACPC-Ala-Lys-Leu-βPhe-CONH2,[NH3+]CC(=O)N[C@H]1[C@H](C(=O)N[C@H](C(=O)N[C@H](C(=O)N[C@H](C(=O)N[C@H](CC(=O)N[C@H](C(=O)N[C@H](C(=O)N[C@H]2[C@H](C(=O)N[C@H](C(=O)N[C@H](C(=O)N[C@H](C(=O)N[C@H](CC(=O)N)Cc9ccccc9)CC(C)C)CCCC[NH3+])C)CCC2)CCCC[NH3+])CCCC[NH3+])C)[C@H](CC)C)CCCC[NH3+])Cc9ccccc9)CCC1
127,Lys-ACPC-Phe-Lys-Ile-βAla-Lys-Lys-ACPC-Leu-Lys-Ile-βPhe-CONH2,[NH3+][C@H](C(=O)N[C@H]1[C@H](C(=O)N[C@H](C(=O)N[C@H](C(=O)N[C@H](C(=O)N[C@H](CC(=O)N[C@H](C(=O)N[C@H](C(=O)N[C@H]2[C@H](C(=O)N[C@H](C(=O)N[C@H](C(=O)N[C@H](C(=O)N[C@H](CC(=O)N)Cc9ccccc9)[C@H](CC)C)CCCC[NH3+])CC(C)C)CCC2)CCCC[NH3+])CCCC[NH3+])C)[C@H](CC)C)CCCC[NH3+])Cc9ccccc9)CCC1)CCCC[NH3+]
128,Gly-ACPC-Phe-Lys-Ile-βIle-Arg-Arg-ACPC-Ala-Lys-Ser-βPhe-CONH2,[NH3+]CC(=O)N[C@H]1[C@H](C(=O)N[C@H](C(=O)N[C@H](C(=O)N[C@H](C(=O)N[C@H](CC(=O)N[C@H](C(=O)N[C@H](C(=O)N[C@H]2[C@H](C(=O)N[C@H](C(=O)N[C@H](C(=O)N[C@H](C(=O)N[C@H](CC(=O)N)Cc9ccccc9)CO)CCCC[NH3+])C)CCC2)CCCNC(=[NH2+])N)CCCNC(=[NH2+])N)[C@H](CC)C)[C@H](CC)C)CCCC[NH3+])Cc9ccccc9)CCC1
129,Lys-ACPC-Phe-Lys-Ile-βIle-Arg-Arg-ACPC-Ala-Lys-Ser-βPhe-CONH2,[NH3+][C@H](C(=O)N[C@H]1[C@H](C(=O)N[C@H](C(=O)N[C@H](C(=O)N[C@H](C(=O)N[C@H](CC(=O)N[C@H](C(=O)N[C@H](C(=O)N[C@H]2[C@H](C(=O)N[C@H](C(=O)N[C@H](C(=O)N[C@H](C(=O)N[C@H](CC(=O)N)Cc9ccccc9)CO)CCCC[NH3+])C)CCC2)CCCNC(=[NH2+])N)CCCNC(=[NH2+])N)[C@H](CC)C)[C@H](CC)C)CCCC[NH3+])Cc9ccccc9)CCC1)CCCC[NH3+]
130,Gly-ACPC-Phe-Lys-Leu-βIle-Lys-Lys-ACPC-Ala-Lys-Ser-βPhe-CONH2,[NH3+]CC(=O)N[C@H]1[C@H](C(=O)N[C@H](C(=O)N[C@H](C(=O)N[C@H](C(=O)N[C@H](CC(=O)N[C@H](C(=O)N[C@H](C(=O)N[C@H]2[C@H](C(=O)N[C@H](C(=O)N[C@H](C(=O)N[C@H](C(=O)N[C@H](CC(=O)N)Cc9ccccc9)CO)CCCC[NH3+])C)CCC2)CCCC[NH3+])CCCC[NH3+])[C@H](CC)C)CC(C)C)CCCC[NH3+])Cc9ccccc9)CCC1
131,Gly-ACPC-Phe-Lys-Ile-βLeu-Lys-Lys-ACPC-Ala-Lys-Ser-βPhe-CONH2,[NH3+]CC(=O)N[C@H]1[C@H](C(=O)N[C@H](C(=O)N[C@H](C(=O)N[C@H](C(=O)N[C@H](CC(=O)N[C@H](C(=O)N[C@H](C(=O)N[C@H]2[C@H](C(=O)N[C@H](C(=O)N[C@H](C(=O)N[C@H](C(=O)N[C@H](CC(=O)N)Cc9ccccc9)CO)CCCC[NH3+])C)CCC2)CCCC[NH3+])CCCC[NH3+])CC(C)C)[C@H](CC)C)CCCC[NH3+])Cc9ccccc9)CCC1
132,Gly-ACPC-Phe-Lys-Leu-βLeu-Lys-Lys-ACPC-Ala-Lys-Ser-βPhe-CONH2,[NH3+]CC(=O)N[C@H]1[C@H](C(=O)N[C@H](C(=O)N[C@H](C(=O)N[C@H](C(=O)N[C@H](CC(=O)N[C@H](C(=O)N[C@H](C(=O)N[C@H]2[C@H](C(=O)N[C@H](C(=O)N[C@H](C(=O)N[C@H](C(=O)N[C@H](CC(=O)N)Cc9ccccc9)CO)CCCC[NH3+])C)CCC2)CCCC[NH3+])CCCC[NH3+])CC(C)C)CC(C)C)CCCC[NH3+])Cc9ccccc9)CCC1
133,Arg-ACPC-Phe-Lys-Ile-βIle-Lys-Lys-ACPC-Ala-Lys-Ser-βPhe-CONH2,[NH3+][C@H](C(=O)N[C@H]1[C@H](C(=O)N[C@H](C(=O)N[C@H](C(=O)N[C@H](C(=O)N[C@H](CC(=O)N[C@H](C(=O)N[C@H](C(=O)N[C@H]2[C@H](C(=O)N[C@H](C(=O)N[C@H](C(=O)N[C@H](C(=O)N[C@H](CC(=O)N)Cc9ccccc9)CO)CCCC[NH3+])C)CCC2)CCCC[NH3+])CCCC[NH3+])[C@H](CC)C)[C@H](CC)C)CCCC[NH3+])Cc9ccccc9)CCC1)CCCNC(=[NH2+])N
134,Arg-ACPC-Phe-Lys-Ile-βIle-Lys-Lys-ACPC-Abu-Lys-Thr-βPhe-CONH2,[NH3+][C@H](C(=O)N[C@H]1[C@H](C(=O)N[C@H](C(=O)N[C@H](C(=O)N[C@H](C(=O)N[C@H](CC(=O)N[C@H](C(=O)N[C@H](C(=O)N[C@H]2[C@H](C(=O)N[C@H](C(=O)N[C@H](C(=O)N[C@H](C(=O)N[C@H](CC(=O)N)Cc9ccccc9)[C@H](C)O)CCCC[NH3+])CC)CCC2)CCCC[NH3+])CCCC[NH3+])[C@H](CC)C)[C@H](CC)C)CCCC[NH3+])Cc9ccccc9)CCC1)CCCNC(=[NH2+])N
135,Lys-ACPC-Phe-Lys-Ile-βIle-Lys-Lys-ACPC-Abu-Lys-Thr-βPhe-CONH2,[NH3+][C@H](C(=O)N[C@H]1[C@H](C(=O)N[C@H](C(=O)N[C@H](C(=O)N[C@H](C(=O)N[C@H](CC(=O)N[C@H](C(=O)N[C@H](C(=O)N[C@H]2[C@H](C(=O)N[C@H](C(=O)N[C@H](C(=O)N[C@H](C(=O)N[C@H](CC(=O)N)Cc9ccccc9)[C@H](C)O)CCCC[NH3+])CC)CCC2)CCCC[NH3+])CCCC[NH3+])[C@H](CC)C)[C@H](CC)C)CCCC[NH3+])Cc9ccccc9)CCC1)CCCC[NH3+]
136,Gly-ACPC-Phe-Lys-Ile-βLeu-Lys-Lys-ACPC-Abu-Lys-Thr-βPhe-CONH2,[NH3+]CC(=O)N[C@H]1[C@H](C(=O)N[C@H](C(=O)N[C@H](C(=O)N[C@H](C(=O)N[C@H](CC(=O)N[C@H](C(=O)N[C@H](C(=O)N[C@H]2[C@H](C(=O)N[C@H](C(=O)N[C@H](C(=O)N[C@H](C(=O)N[C@H](CC(=O)N)Cc9ccccc9)[C@H](C)O)CCCC[NH3+])CC)CCC2)CCCC[NH3+])CCCC[NH3+])CC(C)C)[C@H](CC)C)CCCC[NH3+])Cc9ccccc9)CCC1
137,Gly-ACPC-Phe-Lys-Leu-βLeu-Lys-Lys-ACPC-Abu-Lys-Thr-βPhe-CONH2,[NH3+]CC(=O)N[C@H]1[C@H](C(=O)N[C@H](C(=O)N[C@H](C(=O)N[C@H](C(=O)N[C@H](CC(=O)N[C@H](C(=O)N[C@H](C(=O)N[C@H]2[C@H](C(=O)N[C@H](C(=O)N[C@H](C(=O)N[C@H](C(=O)N[C@H](CC(=O)N)Cc9ccccc9)[C@H](C)O)CCCC[NH3+])CC)CCC2)CCCC[NH3+])CCCC[NH3+])CC(C)C)CC(C)C)CCCC[NH3+])Cc9ccccc9)CCC1
138,Ser-ACPC-Phe-Lys-Ile-βIle-Lys-Lys-ACPC-Leu-Lys-Leu-βPhe-CONH2,[NH3+][C@H](C(=O)N[C@H]1[C@H](C(=O)N[C@H](C(=O)N[C@H](C(=O)N[C@H](C(=O)N[C@H](CC(=O)N[C@H](C(=O)N[C@H](C(=O)N[C@H]2[C@H](C(=O)N[C@H](C(=O)N[C@H](C(=O)N[C@H](C(=O)N[C@H](CC(=O)N)Cc9ccccc9)CC(C)C)CCCC[NH3+])CC(C)C)CCC2)CCCC[NH3+])CCCC[NH3+])[C@H](CC)C)[C@H](CC)C)CCCC[NH3+])Cc9ccccc9)CCC1)CO
139,Thr-ACPC-Phe-Lys-Ile-βIle-Lys-Lys-ACPC-Leu-Lys-Leu-βPhe-CONH2,[NH3+][C@H](C(=O)N[C@H]1[C@H](C(=O)N[C@H](C(=O)N[C@H](C(=O)N[C@H](C(=O)N[C@H](CC(=O)N[C@H](C(=O)N[C@H](C(=O)N[C@H]2[C@H](C(=O)N[C@H](C(=O)N[C@H](C(=O)N[C@H](C(=O)N[C@H](CC(=O)N)Cc9ccccc9)CC(C)C)CCCC[NH3+])CC(C)C)CCC2)CCCC[NH3+])CCCC[NH3+])[C@H](CC)C)[C@H](CC)C)CCCC[NH3+])Cc9ccccc9)CCC1)[C@H](C)O
140,Gly-ACPC-Phe-Lys-Ile-βLeu-Lys-Lys-ACPC-Abu-Lys-Ser-βPhe-CONH2,[NH3+]CC(=O)N[C@H]1[C@H](C(=O)N[C@H](C(=O)N[C@H](C(=O)N[C@H](C(=O)N[C@H](CC(=O)N[C@H](C(=O)N[C@H](C(=O)N[C@H]2[C@H](C(=O)N[C@H](C(=O)N[C@H](C(=O)N[C@H](C(=O)N[C@H](CC(=O)N)Cc9ccccc9)CO)CCCC[NH3+])CC)CCC2)CCCC[NH3+])CCCC[NH3+])CC(C)C)[C@H](CC)C)CCCC[NH3+])Cc9ccccc9)CCC1
141,Gly-ACPC-Phe-Lys-Leu-βIle-Lys-Lys-ACPC-Val-Lys-Thr-βPhe-CONH2,[NH3+]CC(=O)N[C@H]1[C@H](C(=O)N[C@H](C(=O)N[C@H](C(=O)N[C@H](C(=O)N[C@H](CC(=O)N[C@H](C(=O)N[C@H](C(=O)N[C@H]2[C@H](C(=O)N[C@H](C(=O)N[C@H](C(=O)N[C@H](C(=O)N[C@H](CC(=O)N)Cc9ccccc9)[C@H](C)O)CCCC[NH3+])C(C)C)CCC2)CCCC[NH3+])CCCC[NH3+])[C@H](CC)C)CC(C)C)CCCC[NH3+])Cc9ccccc9)CCC1
142,Gly-ACPC-Phe-Lys-Ile-βIle-Lys-Lys-ACPC-Abu-Lys-Ala-βPhe-CONH2,[NH3+]CC(=O)N[C@H]1[C@H](C(=O)N[C@H](C(=O)N[C@H](C(=O)N[C@H](C(=O)N[C@H](CC(=O)N[C@H](C(=O)N[C@H](C(=O)N[C@H]2[C@H](C(=O)N[C@H](C(=O)N[C@H](C(=O)N[C@H](C(=O)N[C@H](CC(=O)N)Cc9ccccc9)C)CCCC[NH3+])CC)CCC2)CCCC[NH3+])CCCC[NH3+])[C@H](CC)C)[C@H](CC)C)CCCC[NH3+])Cc9ccccc9)CCC1
143,Thr-ACPC-Phe-Lys-Ile-βAla-Lys-Lys-ACPC-Leu-Lys-Ala-βPhe-CONH2,[NH3+][C@H](C(=O)N[C@H]1[C@H](C(=O)N[C@H](C(=O)N[C@H](C(=O)N[C@H](C(=O)N[C@H](CC(=O)N[C@H](C(=O)N[C@H](C(=O)N[C@H]2[C@H](C(=O)N[C@H](C(=O)N[C@H](C(=O)N[C@H](C(=O)N[C@H](CC(=O)N)Cc9ccccc9)C)CCCC[NH3+])CC(C)C)CCC2)CCCC[NH3+])CCCC[NH3+])C)[C@H](CC)C)CCCC[NH3+])Cc9ccccc9)CCC1)[C@H](C)O
144,Thr-ACPC-Phe-Lys-Leu-βLeu-Lys-Lys-ACPC-Abu-Lys-Ser-βPhe-CONH2,[NH3+][C@H](C(=O)N[C@H]1[C@H](C(=O)N[C@H](C(=O)N[C@H](C(=O)N[C@H](C(=O)N[C@H](CC(=O)N[C@H](C(=O)N[C@H](C(=O)N[C@H]2[C@H](C(=O)N[C@H](C(=O)N[C@H](C(=O)N[C@H](C(=O)N[C@H](CC(=O)N)Cc9ccccc9)CO)CCCC[NH3+])CC)CCC2)CCCC[NH3+])CCCC[NH3+])CC(C)C)CC(C)C)CCCC[NH3+])Cc9ccccc9)CCC1)[C@H](C)O
145,Thr-ACPC-Phe-Lys-Ile-βLeu-Lys-Lys-ACPC-Abu-Lys-Thr-βPhe-CONH2,[NH3+][C@H](C(=O)N[C@H]1[C@H](C(=O)N[C@H](C(=O)N[C@H](C(=O)N[C@H](C(=O)N[C@H](CC(=O)N[C@H](C(=O)N[C@H](C(=O)N[C@H]2[C@H](C(=O)N[C@H](C(=O)N[C@H](C(=O)N[C@H](C(=O)N[C@H](CC(=O)N)Cc9ccccc9)[C@H](C)O)CCCC[NH3+])CC)CCC2)CCCC[NH3+])CCCC[NH3+])CC(C)C)[C@H](CC)C)CCCC[NH3+])Cc9ccccc9)CCC1)[C@H](C)O
146,Ser-ACPC-Phe-Lys-Leu-βLeu-Lys-Lys-ACPC-Ile-Lys-Thr-βPhe-CONH2,[NH3+][C@H](C(=O)N[C@H]1[C@H](C(=O)N[C@H](C(=O)N[C@H](C(=O)N[C@H](C(=O)N[C@H](CC(=O)N[C@H](C(=O)N[C@H](C(=O)N[C@H]2[C@H](C(=O)N[C@H](C(=O)N[C@H](C(=O)N[C@H](C(=O)N[C@H](CC(=O)N)Cc9ccccc9)[C@H](C)O)CCCC[NH3+])[C@H](CC)C)CCC2)CCCC[NH3+])CCCC[NH3+])CC(C)C)CC(C)C)CCCC[NH3+])Cc9ccccc9)CCC1)CO
147,Thr-ACPC-Phe-Lys-Leu-βIle-Lys-Lys-ACPC-Val-Lys-Ser-βPhe-CONH2,[NH3+][C@H](C(=O)N[C@H]1[C@H](C(=O)N[C@H](C(=O)N[C@H](C(=O)N[C@H](C(=O)N[C@H](CC(=O)N[C@H](C(=O)N[C@H](C(=O)N[C@H]2[C@H](C(=O)N[C@H](C(=O)N[C@H](C(=O)N[C@H](C(=O)N[C@H](CC(=O)N)Cc9ccccc9)CO)CCCC[NH3+])C(C)C)CCC2)CCCC[NH3+])CCCC[NH3+])[C@H](CC)C)CC(C)C)CCCC[NH3+])Cc9ccccc9)CCC1)[C@H](C)O
148,Nle-Leu-ACPC-Lys-Ile-βAla-Lys-Lys-ACPC-Ile-Lys-βAla-Phe-CONH2,[NH3+][C@H](C(=O)N[C@H](C(=O)N[C@H]1[C@H](C(=O)N[C@H](C(=O)N[C@H](C(=O)N[C@H](CC(=O)N[C@H](C(=O)N[C@H](C(=O)N[C@H]2[C@H](C(=O)N[C@H](C(=O)N[C@H](C(=O)N[C@H](CC(=O)N[C@H](C(=O)N)Cc9ccccc9)C)CCCC[NH3+])[C@H](CC)C)CCC2)CCCC[NH3+])CCCC[NH3+])C)[C@H](CC)C)CCCC[NH3+])CCC1)CC(C)C)CCCC
149,Ala-Leu-ACPC-Lys-Ile-βAla-Lys-Lys-ACPC-Ile-Lys-βAla-Phe-CONH2,[NH3+][C@H](C(=O)N[C@H](C(=O)N[C@H]1[C@H](C(=O)N[C@H](C(=O)N[C@H](C(=O)N[C@H](CC(=O)N[C@H](C(=O)N[C@H](C(=O)N[C@H]2[C@H](C(=O)N[C@H](C(=O)N[C@H](C(=O)N[C@H](CC(=O)N[C@H](C(=O)N)Cc9ccccc9)C)CCCC[NH3+])[C@H](CC)C)CCC2)CCCC[NH3+])CCCC[NH3+])C)[C@H](CC)C)CCCC[NH3+])CCC1)CC(C)C)C
150,Abu-Leu-ACPC-Lys-Ile-βAla-Lys-Lys-ACPC-Ile-Lys-βAla-Phe-CONH2,[NH3+][C@H](C(=O)N[C@H](C(=O)N[C@H]1[C@H](C(=O)N[C@H](C(=O)N[C@H](C(=O)N[C@H](CC(=O)N[C@H](C(=O)N[C@H](C(=O)N[C@H]2[C@H](C(=O)N[C@H](C(=O)N[C@H](C(=O)N[C@H](CC(=O)N[C@H](C(=O)N)Cc9ccccc9)C)CCCC[NH3+])[C@H](CC)C)CCC2)CCCC[NH3+])CCCC[NH3+])C)[C@H](CC)C)CCCC[NH3+])CCC1)CC(C)C)CC
151,Gly-Leu-ACPC-Lys-Ile-βAla-Lys-Lys-ACPC-Ile-Lys-βPhe-Phe-CONH2,[NH3+]CC(=O)N[C@H](C(=O)N[C@H]1[C@H](C(=O)N[C@H](C(=O)N[C@H](C(=O)N[C@H](CC(=O)N[C@H](C(=O)N[C@H](C(=O)N[C@H]2[C@H](C(=O)N[C@H](C(=O)N[C@H](C(=O)N[C@H](CC(=O)N[C@H](C(=O)N)Cc9ccccc9)Cc9ccccc9)CCCC[NH3+])[C@H](CC)C)CCC2)CCCC[NH3+])CCCC[NH3+])C)[C@H](CC)C)CCCC[NH3+])CCC1)CC(C)C
152,Gly-Leu-ACPC-Lys-Ile-βAla-Lys-Lys-ACPC-Leu-Lys-βSer-Phe-CONH2,[NH3+]CC(=O)N[C@H](C(=O)N[C@H]1[C@H](C(=O)N[C@H](C(=O)N[C@H](C(=O)N[C@H](CC(=O)N[C@H](C(=O)N[C@H](C(=O)N[C@H]2[C@H](C(=O)N[C@H](C(=O)N[C@H](C(=O)N[C@H](CC(=O)N[C@H](C(=O)N)Cc9ccccc9)CO)CCCC[NH3+])CC(C)C)CCC2)CCCC[NH3+])CCCC[NH3+])C)[C@H](CC)C)CCCC[NH3+])CCC1)CC(C)C
153,Gly-Leu-ACPC-Lys-Nle-βAla-Lys-Lys-ACPC-Ile-Lys-βSer-Phe-CONH2,[NH3+]CC(=O)N[C@H](C(=O)N[C@H]1[C@H](C(=O)N[C@H](C(=O)N[C@H](C(=O)N[C@H](CC(=O)N[C@H](C(=O)N[C@H](C(=O)N[C@H]2[C@H](C(=O)N[C@H](C(=O)N[C@H](C(=O)N[C@H](CC(=O)N[C@H](C(=O)N)Cc9ccccc9)CO)CCCC[NH3+])[C@H](CC)C)CCC2)CCCC[NH3+])CCCC[NH3+])C)CCCC)CCCC[NH3+])CCC1)CC(C)C
154,Gln-Leu-ACPC-Lys-Ile-βAla-Lys-Lys-ACPC-Ile-Lys-βAla-Phe-CONH2,[NH3+][C@H](C(=O)N[C@H](C(=O)N[C@H]1[C@H](C(=O)N[C@H](C(=O)N[C@H](C(=O)N[C@H](CC(=O)N[C@H](C(=O)N[C@H](C(=O)N[C@H]2[C@H](C(=O)N[C@H](C(=O)N[C@H](C(=O)N[C@H](CC(=O)N[C@H](C(=O)N)Cc9ccccc9)C)CCCC[NH3+])[C@H](CC)C)CCC2)CCCC[NH3+])CCCC[NH3+])C)[C@H](CC)C)CCCC[NH3+])CCC1)CC(C)C)CCC(=O)N
155,Gly-Leu-ACPC-Lys-Nva-βAla-Lys-Lys-ACPC-Ile-Lys-βPhe-Phe-CONH2,[NH3+]CC(=O)N[C@H](C(=O)N[C@H]1[C@H](C(=O)N[C@H](C(=O)N[C@H](C(=O)N[C@H](CC(=O)N[C@H](C(=O)N[C@H](C(=O)N[C@H]2[C@H](C(=O)N[C@H](C(=O)N[C@H](C(=O)N[C@H](CC(=O)N[C@H](C(=O)N)Cc9ccccc9)Cc9ccccc9)CCCC[NH3+])[C@H](CC)C)CCC2)CCCC[NH3+])CCCC[NH3+])C)CCC)CCCC[NH3+])CCC1)CC(C)C
156,Gly-Leu-ACPC-Lys-Nle-βAla-Lys-Lys-ACPC-Ile-Lys-βTyr-Phe-CONH2,[NH3+]CC(=O)N[C@H](C(=O)N[C@H]1[C@H](C(=O)N[C@H](C(=O)N[C@H](C(=O)N[C@H](CC(=O)N[C@H](C(=O)N[C@H](C(=O)N[C@H]2[C@H](C(=O)N[C@H](C(=O)N[C@H](C(=O)N[C@H](CC(=O)N[C@H](C(=O)N)Cc9ccccc9)Cc8ccc(cc8)O)CCCC[NH3+])[C@H](CC)C)CCC2)CCCC[NH3+])CCCC[NH3+])C)CCCC)CCCC[NH3+])CCC1)CC(C)C
157,Ala-Leu-ACPC-Lys-Nle-βAla-Lys-Lys-ACPC-Ile-Lys-βSer-Phe-CONH2,[NH3+][C@H](C(=O)N[C@H](C(=O)N[C@H]1[C@H](C(=O)N[C@H](C(=O)N[C@H](C(=O)N[C@H](CC(=O)N[C@H](C(=O)N[C@H](C(=O)N[C@H]2[C@H](C(=O)N[C@H](C(=O)N[C@H](C(=O)N[C@H](CC(=O)N[C@H](C(=O)N)Cc9ccccc9)CO)CCCC[NH3+])[C@H](CC)C)CCC2)CCCC[NH3+])CCCC[NH3+])C)CCCC)CCCC[NH3+])CCC1)CC(C)C)C
158,Abu-Leu-ACPC-Lys-Trp-βAla-Lys-Lys-ACPC-Ile-Lys-βAla-Phe-CONH2,[NH3+][C@H](C(=O)N[C@H](C(=O)N[C@H]1[C@H](C(=O)N[C@H](C(=O)N[C@H](C(=O)N[C@H](CC(=O)N[C@H](C(=O)N[C@H](C(=O)N[C@H]2[C@H](C(=O)N[C@H](C(=O)N[C@H](C(=O)N[C@H](CC(=O)N[C@H](C(=O)N)Cc9ccccc9)C)CCCC[NH3+])[C@H](CC)C)CCC2)CCCC[NH3+])CCCC[NH3+])C)Cc8c[nH]c9c8cccc9)CCCC[NH3+])CCC1)CC(C)C)CC
159,Gly-Leu-ACPC-Lys-Val-βAla-Lys-Lys-ACPC-Ile-Lys-βLys-Phe-CONH2,[NH3+]CC(=O)N[C@H](C(=O)N[C@H]1[C@H](C(=O)N[C@H](C(=O)N[C@H](C(=O)N[C@H](CC(=O)N[C@H](C(=O)N[C@H](C(=O)N[C@H]2[C@H](C(=O)N[C@H](C(=O)N[C@H](C(=O)N[C@H](CC(=O)N[C@H](C(=O)N)Cc9ccccc9)CCCC[NH3+])CCCC[NH3+])[C@H](CC)C)CCC2)CCCC[NH3+])CCCC[NH3+])C)C(C)C)CCCC[NH3+])CCC1)CC(C)C
160,Gly-Leu-ACPC-Lys-Val-βAla-Lys-Lys-ACPC-Val-Lys-βLys-Phe-CONH2,[NH3+]CC(=O)N[C@H](C(=O)N[C@H]1[C@H](C(=O)N[C@H](C(=O)N[C@H](C(=O)N[C@H](CC(=O)N[C@H](C(=O)N[C@H](C(=O)N[C@H]2[C@H](C(=O)N[C@H](C(=O)N[C@H](C(=O)N[C@H](CC(=O)N[C@H](C(=O)N)Cc9ccccc9)CCCC[NH3+])CCCC[NH3+])C(C)C)CCC2)CCCC[NH3+])CCCC[NH3+])C)C(C)C)CCCC[NH3+])CCC1)CC(C)C
161,Lys-Leu-ACPC-Lys-Leu-βAla-Lys-Lys-ACPC-Leu-Lys-βGly-Phe-CONH2,[NH3+][C@H](C(=O)N[C@H](C(=O)N[C@H]1[C@H](C(=O)N[C@H](C(=O)N[C@H](C(=O)N[C@H](CC(=O)N[C@H](C(=O)N[C@H](C(=O)N[C@H]2[C@H](C(=O)N[C@H](C(=O)N[C@H](C(=O)NCCC(=O)N[C@H](C(=O)N)Cc9ccccc9)CCCC[NH3+])CC(C)C)CCC2)CCCC[NH3+])CCCC[NH3+])C)CC(C)C)CCCC[NH3+])CCC1)CC(C)C)CCCC[NH3+]
162,Arg-Leu-ACPC-Lys-Val-βAla-Lys-Lys-ACPC-Val-Lys-βLys-Phe-CONH2,[NH3+][C@H](C(=O)N[C@H](C(=O)N[C@H]1[C@H](C(=O)N[C@H](C(=O)N[C@H](C(=O)N[C@H](CC(=O)N[C@H](C(=O)N[C@H](C(=O)N[C@H]2[C@H](C(=O)N[C@H](C(=O)N[C@H](C(=O)N[C@H](CC(=O)N[C@H](C(=O)N)Cc9ccccc9)CCCC[NH3+])CCCC[NH3+])C(C)C)CCC2)CCCC[NH3+])CCCC[NH3+])C)C(C)C)CCCC[NH3+])CCC1)CC(C)C)CCCNC(=[NH2+])N
163,Gly-ACPC-Phe-Lys-Ile-βAla-Lys-Lys-ACPC-Val-Lys-Ala-βPhe-CONH2,[NH3+]CC(=O)N[C@H]1[C@H](C(=O)N[C@H](C(=O)N[C@H](C(=O)N[C@H](C(=O)N[C@H](CC(=O)N[C@H](C(=O)N[C@H](C(=O)N[C@H]2[C@H](C(=O)N[C@H](C(=O)N[C@H](C(=O)N[C@H](C(=O)N[C@H](CC(=O)N)Cc9ccccc9)C)CCCC[NH3+])C(C)C)CCC2)CCCC[NH3+])CCCC[NH3+])C)[C@H](CC)C)CCCC[NH3+])Cc9ccccc9)CCC1
164,Ile-ACPC-Phe-Lys-Ile-βAla-Lys-Lys-ACPC-Thr-Lys-Arg-βPhe-CONH2,[NH3+][C@H](C(=O)N[C@H]1[C@H](C(=O)N[C@H](C(=O)N[C@H](C(=O)N[C@H](C(=O)N[C@H](CC(=O)N[C@H](C(=O)N[C@H](C(=O)N[C@H]2[C@H](C(=O)N[C@H](C(=O)N[C@H](C(=O)N[C@H](C(=O)N[C@H](CC(=O)N)Cc9ccccc9)CCCNC(=[NH2+])N)CCCC[NH3+])[C@H](C)O)CCC2)CCCC[NH3+])CCCC[NH3+])C)[C@H](CC)C)CCCC[NH3+])Cc9ccccc9)CCC1)[C@H](CC)C
165,Ile-ACPC-Phe-Lys-Ile-βSer-Lys-Lys-ACPC-Thr-Lys-Abu-βPhe-CONH2,[NH3+][C@H](C(=O)N[C@H]1[C@H](C(=O)N[C@H](C(=O)N[C@H](C(=O)N[C@H](C(=O)N[C@H](CC(=O)N[C@H](C(=O)N[C@H](C(=O)N[C@H]2[C@H](C(=O)N[C@H](C(=O)N[C@H](C(=O)N[C@H](C(=O)N[C@H](CC(=O)N)Cc9ccccc9)CC)CCCC[NH3+])[C@H](C)O)CCC2)CCCC[NH3+])CCCC[NH3+])CO)[C@H](CC)C)CCCC[NH3+])Cc9ccccc9)CCC1)[C@H](CC)C
166,Lys-ACPC-Phe-Lys-Ile-βAla-Lys-Lys-ACPC-Val-Lys-Thr-βPhe-CONH2,[NH3+][C@H](C(=O)N[C@H]1[C@H](C(=O)N[C@H](C(=O)N[C@H](C(=O)N[C@H](C(=O)N[C@H](CC(=O)N[C@H](C(=O)N[C@H](C(=O)N[C@H]2[C@H](C(=O)N[C@H](C(=O)N[C@H](C(=O)N[C@H](C(=O)N[C@H](CC(=O)N)Cc9ccccc9)[C@H](C)O)CCCC[NH3+])C(C)C)CCC2)CCCC[NH3+])CCCC[NH3+])C)[C@H](CC)C)CCCC[NH3+])Cc9ccccc9)CCC1)CCCC[NH3+]
167,Gly-ACPC-Phe-Lys-Ile-βAla-Lys-Lys-ACPC-Val-Lys-Ser-βPhe-CONH2,[NH3+]CC(=O)N[C@H]1[C@H](C(=O)N[C@H](C(=O)N[C@H](C(=O)N[C@H](C(=O)N[C@H](CC(=O)N[C@H](C(=O)N[C@H](C(=O)N[C@H]2[C@H](C(=O)N[C@H](C(=O)N[C@H](C(=O)N[C@H](C(=O)N[C@H](CC(=O)N)Cc9ccccc9)CO)CCCC[NH3+])C(C)C)CCC2)CCCC[NH3+])CCCC[NH3+])C)[C@H](CC)C)CCCC[NH3+])Cc9ccccc9)CCC1
168,Lys-ACPC-Phe-Lys-Ile-βAla-Lys-Lys-ACPC-Ser-Lys-Leu-βPhe-CONH2,[NH3+][C@H](C(=O)N[C@H]1[C@H](C(=O)N[C@H](C(=O)N[C@H](C(=O)N[C@H](C(=O)N[C@H](CC(=O)N[C@H](C(=O)N[C@H](C(=O)N[C@H]2[C@H](C(=O)N[C@H](C(=O)N[C@H](C(=O)N[C@H](C(=O)N[C@H](CC(=O)N)Cc9ccccc9)CC(C)C)CCCC[NH3+])CO)CCC2)CCCC[NH3+])CCCC[NH3+])C)[C@H](CC)C)CCCC[NH3+])Cc9ccccc9)CCC1)CCCC[NH3+]
169,Lys-ACPC-Phe-Lys-Ile-βAla-Lys-Lys-ACPC-Thr-Lys-Val-βPhe-CONH2,[NH3+][C@H](C(=O)N[C@H]1[C@H](C(=O)N[C@H](C(=O)N[C@H](C(=O)N[C@H](C(=O)N[C@H](CC(=O)N[C@H](C(=O)N[C@H](C(=O)N[C@H]2[C@H](C(=O)N[C@H](C(=O)N[C@H](C(=O)N[C@H](C(=O)N[C@H](CC(=O)N)Cc9ccccc9)C(C)C)CCCC[NH3+])[C@H](C)O)CCC2)CCCC[NH3+])CCCC[NH3+])C)[C@H](CC)C)CCCC[NH3+])Cc9ccccc9)CCC1)CCCC[NH3+]
170,Lys-ACPC-Phe-Lys-Ile-βAla-Lys-Lys-ACPC-Val-Lys-Arg-βPhe-CONH2,[NH3+][C@H](C(=O)N[C@H]1[C@H](C(=O)N[C@H](C(=O)N[C@H](C(=O)N[C@H](C(=O)N[C@H](CC(=O)N[C@H](C(=O)N[C@H](C(=O)N[C@H]2[C@H](C(=O)N[C@H](C(=O)N[C@H](C(=O)N[C@H](C(=O)N[C@H](CC(=O)N)Cc9ccccc9)CCCNC(=[NH2+])N)CCCC[NH3+])C(C)C)CCC2)CCCC[NH3+])CCCC[NH3+])C)[C@H](CC)C)CCCC[NH3+])Cc9ccccc9)CCC1)CCCC[NH3+]
